#
# There is insufficient memory for the Java Runtime Environment to continue.
# Native memory allocation (mmap) failed to map 465567744 bytes. Error detail: G1 virtual space
# Possible reasons:
#   The system is out of physical RAM or swap space
#   This process is running with CompressedOops enabled, and the Java Heap may be blocking the growth of the native heap
# Possible solutions:
#   Reduce memory load on the system
#   Increase physical memory or swap space
#   Check if swap backing store is full
#   Decrease Java heap size (-Xmx/-Xms)
#   Decrease number of Java threads
#   Decrease Java thread stack sizes (-Xss)
#   Set larger code cache with -XX:ReservedCodeCacheSize=
#   JVM is running with Unscaled Compressed Oops mode in which the Java heap is
#     placed in the first 4GB address space. The Java Heap base address is the
#     maximum limit for the native heap growth. Please use -XX:HeapBaseMinAddress
#     to set the Java Heap base and to place the Java Heap above 4GB virtual address.
# This output file may be truncated or incomplete.
#
#  Out of Memory Error (os_windows.cpp:3707), pid=45424, tid=37704
#
# JRE version: Java(TM) SE Runtime Environment (23.0.2+7) (build 23.0.2+7-58)
# Java VM: Java HotSpot(TM) 64-Bit Server VM (23.0.2+7-58, mixed mode, sharing, tiered, compressed oops, compressed class ptrs, g1 gc, windows-amd64)
# No core dump will be written. Minidumps are not enabled by default on client versions of Windows
#

---------------  S U M M A R Y ------------

Command Line: --add-opens=java.base/java.lang=ALL-UNNAMED --add-opens=java.base/java.lang.invoke=ALL-UNNAMED --add-opens=java.base/java.util=ALL-UNNAMED --add-opens=java.prefs/java.util.prefs=ALL-UNNAMED --add-exports=jdk.compiler/com.sun.tools.javac.api=ALL-UNNAMED --add-exports=jdk.compiler/com.sun.tools.javac.util=ALL-UNNAMED --add-opens=java.base/java.util=ALL-UNNAMED --add-opens=java.prefs/java.util.prefs=ALL-UNNAMED --add-opens=java.base/java.nio.charset=ALL-UNNAMED --add-opens=java.base/java.net=ALL-UNNAMED --add-opens=java.base/java.util.concurrent.atomic=ALL-UNNAMED --add-opens=java.xml/javax.xml.namespace=ALL-UNNAMED -Xmx2048m -Dfile.encoding=UTF-8 -Duser.country=ZA -Duser.language=en -Duser.variant -javaagent:C:\Users\admin\.gradle\wrapper\dists\gradle-8.11.1-bin\bpt9gzteqjrbo1mjrsomdt32c\gradle-8.11.1\lib\agents\gradle-instrumentation-agent-8.11.1.jar org.gradle.launcher.daemon.bootstrap.GradleDaemon 8.11.1

Host: AMD Ryzen 5 7530U with Radeon Graphics         , 12 cores, 7G,  Windows 11 , 64 bit Build 26100 (10.0.26100.4202)
Time: Sat Jul  5 18:39:37 2025 South Africa Standard Time elapsed time: 40.182571 seconds (0d 0h 0m 40s)

---------------  T H R E A D  ---------------

Current thread (0x000001751fb76150):  VMThread "VM Thread"          [id=37704, stack(0x0000000a31600000,0x0000000a31700000) (1024K)]

Stack: [0x0000000a31600000,0x0000000a31700000]
Native frames: (J=compiled Java code, j=interpreted, Vv=VM code, C=native code)
V  [jvm.dll+0x6e0b99]  (no source info available)
V  [jvm.dll+0x87e2b3]  (no source info available)
V  [jvm.dll+0x88073e]  (no source info available)
V  [jvm.dll+0x880e13]  (no source info available)
V  [jvm.dll+0x27b006]  (no source info available)
V  [jvm.dll+0x6dd485]  (no source info available)
V  [jvm.dll+0x6d127a]  (no source info available)
V  [jvm.dll+0x35b50a]  (no source info available)
V  [jvm.dll+0x363916]  (no source info available)
V  [jvm.dll+0x34fe7e]  (no source info available)
V  [jvm.dll+0x350118]  (no source info available)
V  [jvm.dll+0x328aec]  (no source info available)
V  [jvm.dll+0x328b7a]  (no source info available)
V  [jvm.dll+0x374db2]  (no source info available)
V  [jvm.dll+0x3734b2]  (no source info available)
V  [jvm.dll+0x3282c7]  (no source info available)
V  [jvm.dll+0x372c64]  (no source info available)
V  [jvm.dll+0x886d50]  (no source info available)
V  [jvm.dll+0x888077]  (no source info available)
V  [jvm.dll+0x8885a8]  (no source info available)
V  [jvm.dll+0x888843]  (no source info available)
V  [jvm.dll+0x8254cb]  (no source info available)
V  [jvm.dll+0x6df345]  (no source info available)
C  [ucrtbase.dll+0x37b0]  (no source info available)
C  [KERNEL32.DLL+0x2e8d7]  (no source info available)
C  [ntdll.dll+0x3c34c]  (no source info available)

VM_Operation (0x0000000a36cf66c0): G1CollectForAllocation, mode: safepoint, requested by thread 0x000001756c3ac950


---------------  P R O C E S S  ---------------

Threads class SMR info:
_java_thread_list=0x00000175682a7db0, length=184, elements={
0x00000175031611f0, 0x000001751fb94200, 0x000001751fb98e70, 0x000001751fb9c720,
0x000001751fb9d180, 0x000001751fb9dbe0, 0x000001751fb9e770, 0x000001751fbaf640,
0x0000017520451520, 0x00000175205378e0, 0x00000175206e3980, 0x00000175677a2e40,
0x00000175678d5780, 0x00000175678dc160, 0x0000017567a57950, 0x0000017567a5b8c0,
0x0000017567a70e70, 0x0000017567a723a0, 0x0000017567a889b0, 0x0000017567a8b110,
0x0000017567a8a3f0, 0x0000017567a89040, 0x0000017567a8aa80, 0x0000017567a89d60,
0x0000017567a896d0, 0x000001756c381cc0, 0x000001756c381630, 0x000001756c380910,
0x000001756c384420, 0x000001756c383070, 0x000001756c380fa0, 0x000001756c383700,
0x000001756c3878a0, 0x000001756c387f30, 0x0000017567fed980, 0x0000017567ff00e0,
0x0000017567ff0e00, 0x0000017567ff1490, 0x0000017567fee010, 0x0000017567ff0770,
0x0000017567ff1b20, 0x0000017567fee6a0, 0x0000017567feed30, 0x0000017567ff21b0,
0x0000017567ff2840, 0x0000017567fef3c0, 0x0000017567ff2ed0, 0x0000017567fefa50,
0x0000017567ff4910, 0x0000017567ff3560, 0x0000017567ff3bf0, 0x0000017567ff4fa0,
0x0000017567ff4280, 0x000001756b02fb80, 0x000001756b0308a0, 0x000001756b030f30,
0x000001756b032970, 0x000001756b0315c0, 0x000001756b031c50, 0x000001756b0322e0,
0x000001756b02f4f0, 0x000001756b0343b0, 0x000001756b034a40, 0x000001756b0350d0,
0x000001756b033000, 0x000001756b035df0, 0x000001756b033d20, 0x00000175205660f0,
0x000001756c3a66e0, 0x000001756c3a8e40, 0x000001756c3aaf10, 0x000001756c3aa880,
0x000001756c3ac950, 0x000001756c3ab5a0, 0x000001756c3abc30, 0x000001756c3add00,
0x000001756c3acfe0, 0x000001756c3ad670, 0x000001752056a290, 0x000001756c2d7230,
0x000001756c2d78c0, 0x000001756c2d7f50, 0x000001756c2d85e0, 0x000001756c2d57f0,
0x000001756c2d5160, 0x000001756c2d8c70, 0x000001756c2d9300, 0x000001756c2d9990,
0x000001756c2da020, 0x000001756c2d6ba0, 0x000001756c2dba60, 0x000001756c2da6b0,
0x000001756c2dad40, 0x000001756c2db3d0, 0x000001756ad7b300, 0x000001756ad7e0f0,
0x000001756ad7e780, 0x000001756ad7ee10, 0x000001756ad7b990, 0x000001756ad7f4a0,
0x000001756ad7c020, 0x000001756ad801c0, 0x000001756ad80850, 0x000001756ad82290,
0x000001756ad7fb30, 0x000001756ad81c00, 0x000001756ad81570, 0x000001756ad80ee0,
0x000001756c3a94d0, 0x000001756c3a9b60, 0x0000017520569c00, 0x000001756c944250,
0x000001756c945c90, 0x000001756c9448e0, 0x000001756ad7cd40, 0x000001756ad7d3d0,
0x000001756a03a6c0, 0x000001756a03a030, 0x000001756a039310, 0x000001756a0399a0,
0x000001756a0385f0, 0x000001756a03c790, 0x000001756a03ce20, 0x000001756a03d4b0,
0x000001756a03db40, 0x000001756a040fc0, 0x000001756a041650, 0x000001756a03eef0,
0x000001756a044ad0, 0x000001756a044440, 0x000001756a043db0, 0x000001756a045160,
0x000001756a0457f0, 0x000001756a045e80, 0x000001756a046510, 0x000001756a043090,
0x000001756a046ba0, 0x000001756a043720, 0x000001756a047230, 0x000001756a0478c0,
0x000001756c94a4c0, 0x000001756c949110, 0x000001756c949e30, 0x000001756c3a8120,
0x000001756c3aa1f0, 0x000001756805fbb0, 0x0000017568060f60, 0x000001756805ee90,
0x0000017568060240, 0x000001756805f520, 0x000001756805e800, 0x0000017568063d50,
0x00000175680629a0, 0x0000017568062310, 0x0000017568063030, 0x00000175680643e0,
0x0000017568064a70, 0x00000175680636c0, 0x00000175680615f0, 0x0000017568065100,
0x0000017568061c80, 0x0000017568065790, 0x000001756c943bc0, 0x000001756c384ab0,
0x0000017571c3ae20, 0x0000017571c3b4b0, 0x0000017571c3c860, 0x0000017571c3cef0,
0x0000017571c39a70, 0x0000017571c3bb40, 0x0000017571c3a100, 0x0000017571c3d580,
0x0000017571c3efc0, 0x0000017571c41720, 0x0000017571c41db0, 0x0000017571c42ad0,
0x0000017571c3f650, 0x0000017571c43160, 0x0000017571c3fce0, 0x0000017571c437f0,
0x0000017571c40370, 0x0000017571c45230, 0x0000017571f9d850, 0x0000017572f8f2f0
}

Java Threads: ( => current thread )
  0x00000175031611f0 JavaThread "main"                              [_thread_blocked, id=51668, stack(0x0000000a30f00000,0x0000000a31000000) (1024K)]
  0x000001751fb94200 JavaThread "Reference Handler"          daemon [_thread_blocked, id=43404, stack(0x0000000a31700000,0x0000000a31800000) (1024K)]
  0x000001751fb98e70 JavaThread "Finalizer"                  daemon [_thread_blocked, id=28684, stack(0x0000000a31800000,0x0000000a31900000) (1024K)]
  0x000001751fb9c720 JavaThread "Signal Dispatcher"          daemon [_thread_blocked, id=40920, stack(0x0000000a31900000,0x0000000a31a00000) (1024K)]
  0x000001751fb9d180 JavaThread "Attach Listener"            daemon [_thread_blocked, id=39344, stack(0x0000000a31a00000,0x0000000a31b00000) (1024K)]
  0x000001751fb9dbe0 JavaThread "Service Thread"             daemon [_thread_blocked, id=43836, stack(0x0000000a31b00000,0x0000000a31c00000) (1024K)]
  0x000001751fb9e770 JavaThread "Monitor Deflation Thread"   daemon [_thread_blocked, id=46028, stack(0x0000000a31c00000,0x0000000a31d00000) (1024K)]
  0x000001751fbaf640 JavaThread "C2 CompilerThread0"         daemon [_thread_blocked, id=37376, stack(0x0000000a31d00000,0x0000000a31e00000) (1024K)]
  0x0000017520451520 JavaThread "C1 CompilerThread0"         daemon [_thread_blocked, id=33808, stack(0x0000000a31e00000,0x0000000a31f00000) (1024K)]
  0x00000175205378e0 JavaThread "Common-Cleaner"             daemon [_thread_blocked, id=30340, stack(0x0000000a31f00000,0x0000000a32000000) (1024K)]
  0x00000175206e3980 JavaThread "Notification Thread"        daemon [_thread_blocked, id=36372, stack(0x0000000a32000000,0x0000000a32100000) (1024K)]
  0x00000175677a2e40 JavaThread "Daemon health stats"               [_thread_blocked, id=43904, stack(0x0000000a32200000,0x0000000a32300000) (1024K)]
  0x00000175678d5780 JavaThread "Incoming local TCP Connector on port 62553"        [_thread_in_native, id=36304, stack(0x0000000a32800000,0x0000000a32900000) (1024K)]
  0x00000175678dc160 JavaThread "Daemon periodic checks"            [_thread_blocked, id=42068, stack(0x0000000a32900000,0x0000000a32a00000) (1024K)]
  0x0000017567a57950 JavaThread "Daemon"                            [_thread_blocked, id=41588, stack(0x0000000a32a00000,0x0000000a32b00000) (1024K)]
  0x0000017567a5b8c0 JavaThread "Handler for socket connection from /127.0.0.1:62553 to /127.0.0.1:62554"        [_thread_in_native, id=29948, stack(0x0000000a32b00000,0x0000000a32c00000) (1024K)]
  0x0000017567a70e70 JavaThread "Cancel handler"                    [_thread_blocked, id=44340, stack(0x0000000a32c00000,0x0000000a32d00000) (1024K)]
  0x0000017567a723a0 JavaThread "Daemon worker"                     [_thread_blocked, id=42664, stack(0x0000000a32d00000,0x0000000a32e00000) (1024K)]
  0x0000017567a889b0 JavaThread "Asynchronous log dispatcher for DefaultDaemonConnection: socket connection from /127.0.0.1:62553 to /127.0.0.1:62554"        [_thread_blocked, id=43360, stack(0x0000000a32e00000,0x0000000a32f00000) (1024K)]
  0x0000017567a8b110 JavaThread "Stdin handler"                     [_thread_blocked, id=36056, stack(0x0000000a32f00000,0x0000000a33000000) (1024K)]
  0x0000017567a8a3f0 JavaThread "Daemon client event forwarder"        [_thread_blocked, id=22596, stack(0x0000000a33000000,0x0000000a33100000) (1024K)]
  0x0000017567a89040 JavaThread "Cache worker for journal cache (C:\Users\admin\.gradle\caches\journal-1)"        [_thread_blocked, id=37248, stack(0x0000000a33500000,0x0000000a33600000) (1024K)]
  0x0000017567a8aa80 JavaThread "File lock request listener"        [_thread_in_native, id=44444, stack(0x0000000a33600000,0x0000000a33700000) (1024K)]
  0x0000017567a89d60 JavaThread "Cache worker for file hash cache (C:\Users\admin\.gradle\caches\8.11.1\fileHashes)"        [_thread_blocked, id=37380, stack(0x0000000a33700000,0x0000000a33800000) (1024K)]
  0x0000017567a896d0 JavaThread "Cache worker for file content cache (C:\Users\admin\.gradle\caches\8.11.1\fileContent)"        [_thread_blocked, id=35136, stack(0x0000000a33900000,0x0000000a33a00000) (1024K)]
  0x000001756c381cc0 JavaThread "Cache worker for file hash cache (C:\Users\admin\AndroidStudioProjects\SPUCRICKETCLUB\.gradle\8.11.1\fileHashes)"        [_thread_blocked, id=34396, stack(0x0000000a33c00000,0x0000000a33d00000) (1024K)]
  0x000001756c381630 JavaThread "Cache worker for Build Output Cleanup Cache (C:\Users\admin\AndroidStudioProjects\SPUCRICKETCLUB\.gradle\buildOutputCleanup)"        [_thread_blocked, id=46444, stack(0x0000000a33d00000,0x0000000a33e00000) (1024K)]
  0x000001756c380910 JavaThread "File watcher server"        daemon [_thread_blocked, id=35676, stack(0x0000000a33e00000,0x0000000a33f00000) (1024K)]
  0x000001756c384420 JavaThread "File watcher consumer"      daemon [_thread_blocked, id=3276, stack(0x0000000a33f00000,0x0000000a34000000) (1024K)]
  0x000001756c383070 JavaThread "Cache worker for checksums cache (C:\Users\admin\AndroidStudioProjects\SPUCRICKETCLUB\.gradle\8.11.1\checksums)"        [_thread_blocked, id=32040, stack(0x0000000a34000000,0x0000000a34100000) (1024K)]
  0x000001756c380fa0 JavaThread "Cache worker for cache directory md-rule (C:\Users\admin\.gradle\caches\8.11.1\md-rule)"        [_thread_blocked, id=31232, stack(0x0000000a34100000,0x0000000a34200000) (1024K)]
  0x000001756c383700 JavaThread "Cache worker for cache directory md-supplier (C:\Users\admin\.gradle\caches\8.11.1\md-supplier)"        [_thread_blocked, id=1384, stack(0x0000000a34200000,0x0000000a34300000) (1024K)]
  0x000001756c3878a0 JavaThread "Unconstrained build operations"        [_thread_blocked, id=45788, stack(0x0000000a32100000,0x0000000a32200000) (1024K)]
  0x000001756c387f30 JavaThread "Unconstrained build operations Thread 2"        [_thread_blocked, id=47824, stack(0x0000000a33800000,0x0000000a33900000) (1024K)]
  0x0000017567fed980 JavaThread "Unconstrained build operations Thread 3"        [_thread_blocked, id=47924, stack(0x0000000a34400000,0x0000000a34500000) (1024K)]
  0x0000017567ff00e0 JavaThread "Unconstrained build operations Thread 4"        [_thread_blocked, id=46152, stack(0x0000000a34500000,0x0000000a34600000) (1024K)]
  0x0000017567ff0e00 JavaThread "Unconstrained build operations Thread 5"        [_thread_blocked, id=34408, stack(0x0000000a34600000,0x0000000a34700000) (1024K)]
  0x0000017567ff1490 JavaThread "Unconstrained build operations Thread 6"        [_thread_blocked, id=36968, stack(0x0000000a34700000,0x0000000a34800000) (1024K)]
  0x0000017567fee010 JavaThread "Unconstrained build operations Thread 7"        [_thread_blocked, id=25180, stack(0x0000000a34800000,0x0000000a34900000) (1024K)]
  0x0000017567ff0770 JavaThread "Unconstrained build operations Thread 8"        [_thread_blocked, id=45080, stack(0x0000000a34900000,0x0000000a34a00000) (1024K)]
  0x0000017567ff1b20 JavaThread "Unconstrained build operations Thread 9"        [_thread_blocked, id=38052, stack(0x0000000a34a00000,0x0000000a34b00000) (1024K)]
  0x0000017567fee6a0 JavaThread "Unconstrained build operations Thread 10"        [_thread_blocked, id=43716, stack(0x0000000a34b00000,0x0000000a34c00000) (1024K)]
  0x0000017567feed30 JavaThread "Unconstrained build operations Thread 11"        [_thread_blocked, id=38348, stack(0x0000000a34c00000,0x0000000a34d00000) (1024K)]
  0x0000017567ff21b0 JavaThread "Unconstrained build operations Thread 12"        [_thread_blocked, id=48732, stack(0x0000000a34d00000,0x0000000a34e00000) (1024K)]
  0x0000017567ff2840 JavaThread "Unconstrained build operations Thread 13"        [_thread_blocked, id=38288, stack(0x0000000a34e00000,0x0000000a34f00000) (1024K)]
  0x0000017567fef3c0 JavaThread "Unconstrained build operations Thread 14"        [_thread_blocked, id=42864, stack(0x0000000a34f00000,0x0000000a35000000) (1024K)]
  0x0000017567ff2ed0 JavaThread "Unconstrained build operations Thread 15"        [_thread_blocked, id=20616, stack(0x0000000a35000000,0x0000000a35100000) (1024K)]
  0x0000017567fefa50 JavaThread "Unconstrained build operations Thread 16"        [_thread_blocked, id=42556, stack(0x0000000a35100000,0x0000000a35200000) (1024K)]
  0x0000017567ff4910 JavaThread "Unconstrained build operations Thread 17"        [_thread_blocked, id=48092, stack(0x0000000a35200000,0x0000000a35300000) (1024K)]
  0x0000017567ff3560 JavaThread "Unconstrained build operations Thread 18"        [_thread_blocked, id=43708, stack(0x0000000a35300000,0x0000000a35400000) (1024K)]
  0x0000017567ff3bf0 JavaThread "Unconstrained build operations Thread 19"        [_thread_blocked, id=47816, stack(0x0000000a35500000,0x0000000a35600000) (1024K)]
  0x0000017567ff4fa0 JavaThread "Unconstrained build operations Thread 20"        [_thread_blocked, id=17580, stack(0x0000000a35700000,0x0000000a35800000) (1024K)]
  0x0000017567ff4280 JavaThread "Unconstrained build operations Thread 21"        [_thread_blocked, id=53848, stack(0x0000000a35800000,0x0000000a35900000) (1024K)]
  0x000001756b02fb80 JavaThread "Unconstrained build operations Thread 22"        [_thread_blocked, id=36060, stack(0x0000000a35900000,0x0000000a35a00000) (1024K)]
  0x000001756b0308a0 JavaThread "Unconstrained build operations Thread 23"        [_thread_blocked, id=45044, stack(0x0000000a35a00000,0x0000000a35b00000) (1024K)]
  0x000001756b030f30 JavaThread "Unconstrained build operations Thread 24"        [_thread_blocked, id=42652, stack(0x0000000a35b00000,0x0000000a35c00000) (1024K)]
  0x000001756b032970 JavaThread "Unconstrained build operations Thread 25"        [_thread_blocked, id=36720, stack(0x0000000a35c00000,0x0000000a35d00000) (1024K)]
  0x000001756b0315c0 JavaThread "Unconstrained build operations Thread 26"        [_thread_blocked, id=37860, stack(0x0000000a35d00000,0x0000000a35e00000) (1024K)]
  0x000001756b031c50 JavaThread "Unconstrained build operations Thread 27"        [_thread_blocked, id=43212, stack(0x0000000a35e00000,0x0000000a35f00000) (1024K)]
  0x000001756b0322e0 JavaThread "Unconstrained build operations Thread 28"        [_thread_blocked, id=27668, stack(0x0000000a35f00000,0x0000000a36000000) (1024K)]
  0x000001756b02f4f0 JavaThread "Unconstrained build operations Thread 29"        [_thread_blocked, id=41132, stack(0x0000000a36000000,0x0000000a36100000) (1024K)]
  0x000001756b0343b0 JavaThread "Unconstrained build operations Thread 30"        [_thread_blocked, id=42184, stack(0x0000000a36100000,0x0000000a36200000) (1024K)]
  0x000001756b034a40 JavaThread "Unconstrained build operations Thread 31"        [_thread_blocked, id=46812, stack(0x0000000a36200000,0x0000000a36300000) (1024K)]
  0x000001756b0350d0 JavaThread "Unconstrained build operations Thread 32"        [_thread_blocked, id=47628, stack(0x0000000a36300000,0x0000000a36400000) (1024K)]
  0x000001756b033000 JavaThread "Unconstrained build operations Thread 33"        [_thread_blocked, id=5060, stack(0x0000000a36400000,0x0000000a36500000) (1024K)]
  0x000001756b035df0 JavaThread "jar transforms"                    [_thread_blocked, id=54924, stack(0x0000000a36500000,0x0000000a36600000) (1024K)]
  0x000001756b033d20 JavaThread "Memory manager"                    [_thread_blocked, id=41184, stack(0x0000000a35600000,0x0000000a35700000) (1024K)]
  0x00000175205660f0 JavaThread "jar transforms Thread 2"           [_thread_blocked, id=44292, stack(0x0000000a36700000,0x0000000a36800000) (1024K)]
  0x000001756c3a66e0 JavaThread "pool-3-thread-1"                   [_thread_blocked, id=648, stack(0x0000000a36800000,0x0000000a36900000) (1024K)]
  0x000001756c3a8e40 JavaThread "build event listener"              [_thread_blocked, id=44800, stack(0x0000000a36900000,0x0000000a36a00000) (1024K)]
  0x000001756c3aaf10 JavaThread "included builds"                   [_thread_blocked, id=37948, stack(0x0000000a36a00000,0x0000000a36b00000) (1024K)]
  0x000001756c3aa880 JavaThread "Execution worker"                  [_thread_blocked, id=45580, stack(0x0000000a36b00000,0x0000000a36c00000) (1024K)]
  0x000001756c3ac950 JavaThread "Execution worker Thread 2"         [_thread_blocked, id=50988, stack(0x0000000a36c00000,0x0000000a36d00000) (1024K)]
  0x000001756c3ab5a0 JavaThread "Execution worker Thread 3"         [_thread_blocked, id=43152, stack(0x0000000a36d00000,0x0000000a36e00000) (1024K)]
  0x000001756c3abc30 JavaThread "Execution worker Thread 4"         [_thread_blocked, id=51888, stack(0x0000000a36e00000,0x0000000a36f00000) (1024K)]
  0x000001756c3add00 JavaThread "Execution worker Thread 5"         [_thread_blocked, id=48060, stack(0x0000000a36f00000,0x0000000a37000000) (1024K)]
  0x000001756c3acfe0 JavaThread "Execution worker Thread 6"         [_thread_blocked, id=44364, stack(0x0000000a37000000,0x0000000a37100000) (1024K)]
  0x000001756c3ad670 JavaThread "Execution worker Thread 7"         [_thread_blocked, id=49480, stack(0x0000000a37100000,0x0000000a37200000) (1024K)]
  0x000001752056a290 JavaThread "Execution worker Thread 8"         [_thread_blocked, id=45692, stack(0x0000000a37200000,0x0000000a37300000) (1024K)]
  0x000001756c2d7230 JavaThread "Execution worker Thread 9"         [_thread_blocked, id=46628, stack(0x0000000a37300000,0x0000000a37400000) (1024K)]
  0x000001756c2d78c0 JavaThread "Execution worker Thread 10"        [_thread_blocked, id=45860, stack(0x0000000a37400000,0x0000000a37500000) (1024K)]
  0x000001756c2d7f50 JavaThread "Execution worker Thread 11"        [_thread_blocked, id=3756, stack(0x0000000a37500000,0x0000000a37600000) (1024K)]
  0x000001756c2d85e0 JavaThread "Cache worker for execution history cache (C:\Users\admin\AndroidStudioProjects\SPUCRICKETCLUB\.gradle\8.11.1\executionHistory)"        [_thread_blocked, id=6416, stack(0x0000000a37600000,0x0000000a37700000) (1024K)]
  0x000001756c2d57f0 JavaThread "Unconstrained build operations Thread 34"        [_thread_blocked, id=44880, stack(0x0000000a37700000,0x0000000a37800000) (1024K)]
  0x000001756c2d5160 JavaThread "Unconstrained build operations Thread 35"        [_thread_blocked, id=41852, stack(0x0000000a37800000,0x0000000a37900000) (1024K)]
  0x000001756c2d8c70 JavaThread "Unconstrained build operations Thread 36"        [_thread_blocked, id=48392, stack(0x0000000a37900000,0x0000000a37a00000) (1024K)]
  0x000001756c2d9300 JavaThread "Unconstrained build operations Thread 37"        [_thread_blocked, id=43220, stack(0x0000000a37a00000,0x0000000a37b00000) (1024K)]
  0x000001756c2d9990 JavaThread "Unconstrained build operations Thread 38"        [_thread_blocked, id=34844, stack(0x0000000a37b00000,0x0000000a37c00000) (1024K)]
  0x000001756c2da020 JavaThread "Unconstrained build operations Thread 39"        [_thread_blocked, id=17732, stack(0x0000000a37c00000,0x0000000a37d00000) (1024K)]
  0x000001756c2d6ba0 JavaThread "Unconstrained build operations Thread 40"        [_thread_blocked, id=37976, stack(0x0000000a37d00000,0x0000000a37e00000) (1024K)]
  0x000001756c2dba60 JavaThread "Unconstrained build operations Thread 41"        [_thread_blocked, id=10452, stack(0x0000000a37e00000,0x0000000a37f00000) (1024K)]
  0x000001756c2da6b0 JavaThread "Unconstrained build operations Thread 42"        [_thread_blocked, id=32824, stack(0x0000000a37f00000,0x0000000a38000000) (1024K)]
  0x000001756c2dad40 JavaThread "Unconstrained build operations Thread 43"        [_thread_blocked, id=25500, stack(0x0000000a38000000,0x0000000a38100000) (1024K)]
  0x000001756c2db3d0 JavaThread "Unconstrained build operations Thread 44"        [_thread_blocked, id=37836, stack(0x0000000a38100000,0x0000000a38200000) (1024K)]
  0x000001756ad7b300 JavaThread "Unconstrained build operations Thread 45"        [_thread_blocked, id=39928, stack(0x0000000a36600000,0x0000000a36700000) (1024K)]
  0x000001756ad7e0f0 JavaThread "Unconstrained build operations Thread 46"        [_thread_blocked, id=34768, stack(0x0000000a38200000,0x0000000a38300000) (1024K)]
  0x000001756ad7e780 JavaThread "Unconstrained build operations Thread 47"        [_thread_blocked, id=56724, stack(0x0000000a38300000,0x0000000a38400000) (1024K)]
  0x000001756ad7ee10 JavaThread "Unconstrained build operations Thread 48"        [_thread_blocked, id=42488, stack(0x0000000a38400000,0x0000000a38500000) (1024K)]
  0x000001756ad7b990 JavaThread "Unconstrained build operations Thread 49"        [_thread_blocked, id=20096, stack(0x0000000a38500000,0x0000000a38600000) (1024K)]
  0x000001756ad7f4a0 JavaThread "Unconstrained build operations Thread 50"        [_thread_blocked, id=23760, stack(0x0000000a38600000,0x0000000a38700000) (1024K)]
  0x000001756ad7c020 JavaThread "Unconstrained build operations Thread 51"        [_thread_blocked, id=33936, stack(0x0000000a38700000,0x0000000a38800000) (1024K)]
  0x000001756ad801c0 JavaThread "Unconstrained build operations Thread 52"        [_thread_blocked, id=31464, stack(0x0000000a38800000,0x0000000a38900000) (1024K)]
  0x000001756ad80850 JavaThread "WorkerExecutor Queue"              [_thread_blocked, id=46216, stack(0x0000000a38900000,0x0000000a38a00000) (1024K)]
  0x000001756ad82290 JavaThread "Unconstrained build operations Thread 53"        [_thread_blocked, id=37228, stack(0x0000000a38b00000,0x0000000a38c00000) (1024K)]
  0x000001756ad7fb30 JavaThread "Unconstrained build operations Thread 54"        [_thread_blocked, id=42012, stack(0x0000000a38c00000,0x0000000a38d00000) (1024K)]
  0x000001756ad81c00 JavaThread "Unconstrained build operations Thread 55"        [_thread_blocked, id=51300, stack(0x0000000a38d00000,0x0000000a38e00000) (1024K)]
  0x000001756ad81570 JavaThread "Unconstrained build operations Thread 56"        [_thread_blocked, id=51600, stack(0x0000000a38e00000,0x0000000a38f00000) (1024K)]
  0x000001756ad80ee0 JavaThread "Unconstrained build operations Thread 57"        [_thread_blocked, id=16976, stack(0x0000000a38f00000,0x0000000a39000000) (1024K)]
  0x000001756c3a94d0 JavaThread "Unconstrained build operations Thread 58"        [_thread_blocked, id=31500, stack(0x0000000a39000000,0x0000000a39100000) (1024K)]
  0x000001756c3a9b60 JavaThread "Unconstrained build operations Thread 59"        [_thread_blocked, id=43312, stack(0x0000000a39100000,0x0000000a39200000) (1024K)]
  0x0000017520569c00 JavaThread "Unconstrained build operations Thread 60"        [_thread_blocked, id=37340, stack(0x0000000a39200000,0x0000000a39300000) (1024K)]
  0x000001756c944250 JavaThread "Unconstrained build operations Thread 61"        [_thread_blocked, id=39024, stack(0x0000000a39300000,0x0000000a39400000) (1024K)]
  0x000001756c945c90 JavaThread "Unconstrained build operations Thread 62"        [_thread_blocked, id=23928, stack(0x0000000a39400000,0x0000000a39500000) (1024K)]
  0x000001756c9448e0 JavaThread "Unconstrained build operations Thread 63"        [_thread_blocked, id=44048, stack(0x0000000a39500000,0x0000000a39600000) (1024K)]
  0x000001756ad7cd40 JavaThread "WorkerExecutor Queue Thread 2"        [_thread_blocked, id=49712, stack(0x0000000a39600000,0x0000000a39700000) (1024K)]
  0x000001756ad7d3d0 JavaThread "WorkerExecutor Queue Thread 3"        [_thread_blocked, id=48028, stack(0x0000000a39700000,0x0000000a39800000) (1024K)]
  0x000001756a03a6c0 JavaThread "WorkerExecutor Queue Thread 4"        [_thread_blocked, id=42212, stack(0x0000000a39800000,0x0000000a39900000) (1024K)]
  0x000001756a03a030 JavaThread "WorkerExecutor Queue Thread 5"        [_thread_blocked, id=35912, stack(0x0000000a39900000,0x0000000a39a00000) (1024K)]
  0x000001756a039310 JavaThread "WorkerExecutor Queue Thread 6"        [_thread_blocked, id=50448, stack(0x0000000a39a00000,0x0000000a39b00000) (1024K)]
  0x000001756a0399a0 JavaThread "WorkerExecutor Queue Thread 7"        [_thread_blocked, id=27764, stack(0x0000000a39b00000,0x0000000a39c00000) (1024K)]
  0x000001756a0385f0 JavaThread "WorkerExecutor Queue Thread 8"        [_thread_blocked, id=35736, stack(0x0000000a39c00000,0x0000000a39d00000) (1024K)]
  0x000001756a03c790 JavaThread "WorkerExecutor Queue Thread 9"        [_thread_blocked, id=32184, stack(0x0000000a39d00000,0x0000000a39e00000) (1024K)]
  0x000001756a03ce20 JavaThread "WorkerExecutor Queue Thread 10"        [_thread_blocked, id=23340, stack(0x0000000a39e00000,0x0000000a39f00000) (1024K)]
  0x000001756a03d4b0 JavaThread "WorkerExecutor Queue Thread 11"        [_thread_blocked, id=36248, stack(0x0000000a39f00000,0x0000000a3a000000) (1024K)]
  0x000001756a03db40 JavaThread "WorkerExecutor Queue Thread 12"        [_thread_blocked, id=49888, stack(0x0000000a3a000000,0x0000000a3a100000) (1024K)]
  0x000001756a040fc0 JavaThread "Unconstrained build operations Thread 64"        [_thread_blocked, id=52060, stack(0x0000000a3a100000,0x0000000a3a200000) (1024K)]
  0x000001756a041650 JavaThread "Unconstrained build operations Thread 65"        [_thread_blocked, id=53656, stack(0x0000000a3a200000,0x0000000a3a300000) (1024K)]
  0x000001756a03eef0 JavaThread "Unconstrained build operations Thread 66"        [_thread_blocked, id=46780, stack(0x0000000a3a300000,0x0000000a3a400000) (1024K)]
  0x000001756a044ad0 JavaThread "Unconstrained build operations Thread 67"        [_thread_blocked, id=48980, stack(0x0000000a3a400000,0x0000000a3a500000) (1024K)]
  0x000001756a044440 JavaThread "Unconstrained build operations Thread 68"        [_thread_blocked, id=48464, stack(0x0000000a3a500000,0x0000000a3a600000) (1024K)]
  0x000001756a043db0 JavaThread "Unconstrained build operations Thread 69"        [_thread_blocked, id=37056, stack(0x0000000a3a600000,0x0000000a3a700000) (1024K)]
  0x000001756a045160 JavaThread "Unconstrained build operations Thread 70"        [_thread_blocked, id=15664, stack(0x0000000a3a700000,0x0000000a3a800000) (1024K)]
  0x000001756a0457f0 JavaThread "Unconstrained build operations Thread 71"        [_thread_blocked, id=51916, stack(0x0000000a3a800000,0x0000000a3a900000) (1024K)]
  0x000001756a045e80 JavaThread "Unconstrained build operations Thread 72"        [_thread_blocked, id=50424, stack(0x0000000a3a900000,0x0000000a3aa00000) (1024K)]
  0x000001756a046510 JavaThread "Unconstrained build operations Thread 73"        [_thread_blocked, id=6044, stack(0x0000000a3aa00000,0x0000000a3ab00000) (1024K)]
  0x000001756a043090 JavaThread "Unconstrained build operations Thread 74"        [_thread_blocked, id=37604, stack(0x0000000a3ab00000,0x0000000a3ac00000) (1024K)]
  0x000001756a046ba0 JavaThread "Unconstrained build operations Thread 75"        [_thread_blocked, id=45708, stack(0x0000000a3ac00000,0x0000000a3ad00000) (1024K)]
  0x000001756a043720 JavaThread "Unconstrained build operations Thread 76"        [_thread_blocked, id=43928, stack(0x0000000a3ad00000,0x0000000a3ae00000) (1024K)]
  0x000001756a047230 JavaThread "Unconstrained build operations Thread 77"        [_thread_blocked, id=32624, stack(0x0000000a3ae00000,0x0000000a3af00000) (1024K)]
  0x000001756a0478c0 JavaThread "Unconstrained build operations Thread 78"        [_thread_blocked, id=51252, stack(0x0000000a3af00000,0x0000000a3b000000) (1024K)]
  0x000001756c94a4c0 JavaThread "Unconstrained build operations Thread 79"        [_thread_blocked, id=50596, stack(0x0000000a3b000000,0x0000000a3b100000) (1024K)]
  0x000001756c949110 JavaThread "Unconstrained build operations Thread 80"        [_thread_blocked, id=49528, stack(0x0000000a3b100000,0x0000000a3b200000) (1024K)]
  0x000001756c949e30 JavaThread "Unconstrained build operations Thread 81"        [_thread_blocked, id=1072, stack(0x0000000a3b200000,0x0000000a3b300000) (1024K)]
  0x000001756c3a8120 JavaThread "Unconstrained build operations Thread 82"        [_thread_blocked, id=50628, stack(0x0000000a3b300000,0x0000000a3b400000) (1024K)]
  0x000001756c3aa1f0 JavaThread "Unconstrained build operations Thread 83"        [_thread_blocked, id=51856, stack(0x0000000a3b400000,0x0000000a3b500000) (1024K)]
  0x000001756805fbb0 JavaThread "Unconstrained build operations Thread 84"        [_thread_blocked, id=51164, stack(0x0000000a3b500000,0x0000000a3b600000) (1024K)]
  0x0000017568060f60 JavaThread "Unconstrained build operations Thread 85"        [_thread_blocked, id=51884, stack(0x0000000a3b600000,0x0000000a3b700000) (1024K)]
  0x000001756805ee90 JavaThread "Unconstrained build operations Thread 86"        [_thread_blocked, id=48164, stack(0x0000000a3b700000,0x0000000a3b800000) (1024K)]
  0x0000017568060240 JavaThread "Unconstrained build operations Thread 87"        [_thread_blocked, id=51260, stack(0x0000000a3b800000,0x0000000a3b900000) (1024K)]
  0x000001756805f520 JavaThread "Unconstrained build operations Thread 88"        [_thread_blocked, id=44572, stack(0x0000000a3b900000,0x0000000a3ba00000) (1024K)]
  0x000001756805e800 JavaThread "Unconstrained build operations Thread 89"        [_thread_blocked, id=10268, stack(0x0000000a3ba00000,0x0000000a3bb00000) (1024K)]
  0x0000017568063d50 JavaThread "Unconstrained build operations Thread 90"        [_thread_blocked, id=51352, stack(0x0000000a3bb00000,0x0000000a3bc00000) (1024K)]
  0x00000175680629a0 JavaThread "Unconstrained build operations Thread 91"        [_thread_blocked, id=45944, stack(0x0000000a3bc00000,0x0000000a3bd00000) (1024K)]
  0x0000017568062310 JavaThread "Unconstrained build operations Thread 92"        [_thread_blocked, id=46824, stack(0x0000000a3bd00000,0x0000000a3be00000) (1024K)]
  0x0000017568063030 JavaThread "Unconstrained build operations Thread 93"        [_thread_blocked, id=38480, stack(0x0000000a3be00000,0x0000000a3bf00000) (1024K)]
  0x00000175680643e0 JavaThread "Unconstrained build operations Thread 94"        [_thread_blocked, id=47208, stack(0x0000000a3bf00000,0x0000000a3c000000) (1024K)]
  0x0000017568064a70 JavaThread "Unconstrained build operations Thread 95"        [_thread_blocked, id=49932, stack(0x0000000a3c000000,0x0000000a3c100000) (1024K)]
  0x00000175680636c0 JavaThread "Unconstrained build operations Thread 96"        [_thread_blocked, id=50816, stack(0x0000000a3c100000,0x0000000a3c200000) (1024K)]
  0x00000175680615f0 JavaThread "Unconstrained build operations Thread 97"        [_thread_blocked, id=48524, stack(0x0000000a3c200000,0x0000000a3c300000) (1024K)]
  0x0000017568065100 JavaThread "Unconstrained build operations Thread 98"        [_thread_blocked, id=50440, stack(0x0000000a3c300000,0x0000000a3c400000) (1024K)]
  0x0000017568061c80 JavaThread "Unconstrained build operations Thread 99"        [_thread_blocked, id=46904, stack(0x0000000a3c400000,0x0000000a3c500000) (1024K)]
  0x0000017568065790 JavaThread "Unconstrained build operations Thread 100"        [_thread_blocked, id=28628, stack(0x0000000a3c500000,0x0000000a3c600000) (1024K)]
  0x000001756c943bc0 JavaThread "Unconstrained build operations Thread 101"        [_thread_blocked, id=38032, stack(0x0000000a3c600000,0x0000000a3c700000) (1024K)]
  0x000001756c384ab0 JavaThread "Unconstrained build operations Thread 102"        [_thread_blocked, id=42448, stack(0x0000000a3c700000,0x0000000a3c800000) (1024K)]
  0x0000017571c3ae20 JavaThread "Unconstrained build operations Thread 103"        [_thread_blocked, id=38704, stack(0x0000000a3c800000,0x0000000a3c900000) (1024K)]
  0x0000017571c3b4b0 JavaThread "Unconstrained build operations Thread 104"        [_thread_blocked, id=16420, stack(0x0000000a3c900000,0x0000000a3ca00000) (1024K)]
  0x0000017571c3c860 JavaThread "Unconstrained build operations Thread 105"        [_thread_blocked, id=17896, stack(0x0000000a3ca00000,0x0000000a3cb00000) (1024K)]
  0x0000017571c3cef0 JavaThread "Unconstrained build operations Thread 106"        [_thread_blocked, id=44156, stack(0x0000000a3cb00000,0x0000000a3cc00000) (1024K)]
  0x0000017571c39a70 JavaThread "Unconstrained build operations Thread 107"        [_thread_blocked, id=46500, stack(0x0000000a3cc00000,0x0000000a3cd00000) (1024K)]
  0x0000017571c3bb40 JavaThread "Unconstrained build operations Thread 108"        [_thread_blocked, id=43028, stack(0x0000000a3cd00000,0x0000000a3ce00000) (1024K)]
  0x0000017571c3a100 JavaThread "Unconstrained build operations Thread 109"        [_thread_blocked, id=48156, stack(0x0000000a3ce00000,0x0000000a3cf00000) (1024K)]
  0x0000017571c3d580 JavaThread "Unconstrained build operations Thread 110"        [_thread_blocked, id=41128, stack(0x0000000a3cf00000,0x0000000a3d000000) (1024K)]
  0x0000017571c3efc0 JavaThread "Unconstrained build operations Thread 111"        [_thread_blocked, id=54824, stack(0x0000000a3d000000,0x0000000a3d100000) (1024K)]
  0x0000017571c41720 JavaThread "Unconstrained build operations Thread 112"        [_thread_blocked, id=27784, stack(0x0000000a3d100000,0x0000000a3d200000) (1024K)]
  0x0000017571c41db0 JavaThread "Unconstrained build operations Thread 113"        [_thread_blocked, id=45360, stack(0x0000000a3d200000,0x0000000a3d300000) (1024K)]
  0x0000017571c42ad0 JavaThread "Unconstrained build operations Thread 114"        [_thread_blocked, id=57072, stack(0x0000000a3d300000,0x0000000a3d400000) (1024K)]
  0x0000017571c3f650 JavaThread "Unconstrained build operations Thread 115"        [_thread_blocked, id=13404, stack(0x0000000a3d400000,0x0000000a3d500000) (1024K)]
  0x0000017571c43160 JavaThread "Unconstrained build operations Thread 116"        [_thread_blocked, id=31968, stack(0x0000000a3d500000,0x0000000a3d600000) (1024K)]
  0x0000017571c3fce0 JavaThread "Unconstrained build operations Thread 117"        [_thread_blocked, id=43684, stack(0x0000000a3d600000,0x0000000a3d700000) (1024K)]
  0x0000017571c437f0 JavaThread "Unconstrained build operations Thread 118"        [_thread_blocked, id=43344, stack(0x0000000a3d700000,0x0000000a3d800000) (1024K)]
  0x0000017571c40370 JavaThread "Unconstrained build operations Thread 119"        [_thread_blocked, id=49652, stack(0x0000000a3d800000,0x0000000a3d900000) (1024K)]
  0x0000017571c45230 JavaThread "Unconstrained build operations Thread 120"        [_thread_blocked, id=30832, stack(0x0000000a3d900000,0x0000000a3da00000) (1024K)]
  0x0000017571f9d850 JavaThread "C2 CompilerThread1"         daemon [_thread_blocked, id=41932, stack(0x0000000a35400000,0x0000000a35500000) (1024K)]
  0x0000017572f8f2f0 JavaThread "C2 CompilerThread2"         daemon [_thread_blocked, id=45792, stack(0x0000000a38a00000,0x0000000a38b00000) (1024K)]
Total: 184

Other Threads:
=>0x000001751fb76150 VMThread "VM Thread"                           [id=37704, stack(0x0000000a31600000,0x0000000a31700000) (1024K)]
  0x000001751fb61f40 WatcherThread "VM Periodic Task Thread"        [id=41364, stack(0x0000000a31500000,0x0000000a31600000) (1024K)]
  0x00000175031b8e30 WorkerThread "GC Thread#0"                     [id=37756, stack(0x0000000a31000000,0x0000000a31100000) (1024K)]
  0x00000175665d0de0 WorkerThread "GC Thread#1"                     [id=42004, stack(0x0000000a32300000,0x0000000a32400000) (1024K)]
  0x00000175664b0970 WorkerThread "GC Thread#2"                     [id=33024, stack(0x0000000a32400000,0x0000000a32500000) (1024K)]
  0x000001756652cdc0 WorkerThread "GC Thread#3"                     [id=41204, stack(0x0000000a32500000,0x0000000a32600000) (1024K)]
  0x0000017566d54590 WorkerThread "GC Thread#4"                     [id=40756, stack(0x0000000a32600000,0x0000000a32700000) (1024K)]
  0x0000017566d54940 WorkerThread "GC Thread#5"                     [id=55172, stack(0x0000000a32700000,0x0000000a32800000) (1024K)]
  0x0000017567526d90 WorkerThread "GC Thread#6"                     [id=47688, stack(0x0000000a33100000,0x0000000a33200000) (1024K)]
  0x0000017567528000 WorkerThread "GC Thread#7"                     [id=43292, stack(0x0000000a33200000,0x0000000a33300000) (1024K)]
  0x00000175675283b0 WorkerThread "GC Thread#8"                     [id=45732, stack(0x0000000a33300000,0x0000000a33400000) (1024K)]
  0x0000017567cf8710 WorkerThread "GC Thread#9"                     [id=45276, stack(0x0000000a33400000,0x0000000a33500000) (1024K)]
  0x00000175031ce5a0 ConcurrentGCThread "G1 Main Marker"            [id=53348, stack(0x0000000a31100000,0x0000000a31200000) (1024K)]
  0x00000175031d0cf0 WorkerThread "G1 Conc#0"                       [id=39612, stack(0x0000000a31200000,0x0000000a31300000) (1024K)]
  0x0000017567cf8e70 WorkerThread "G1 Conc#1"                       [id=28336, stack(0x0000000a33a00000,0x0000000a33b00000) (1024K)]
  0x0000017567cf70f0 WorkerThread "G1 Conc#2"                       [id=43532, stack(0x0000000a33b00000,0x0000000a33c00000) (1024K)]
  0x000001751fa38fe0 ConcurrentGCThread "G1 Refine#0"               [id=37628, stack(0x0000000a31300000,0x0000000a31400000) (1024K)]
  0x000001751fa39910 ConcurrentGCThread "G1 Service"                [id=1600, stack(0x0000000a31400000,0x0000000a31500000) (1024K)]
Total: 18

Threads with active compile tasks:
C2 CompilerThread0  40289 21412       4       com.android.tools.r8.internal.Wd::a (98 bytes)
C1 CompilerThread0  40289 21567       3       com.android.tools.r8.graph.p4::a (129 bytes)
C2 CompilerThread1  40289 21482       4       com.android.tools.r8.graph.t4::b (19 bytes)
C2 CompilerThread2  40289 21539       4       com.android.tools.r8.internal.Wd::a (39 bytes)
Total: 4

VM state: at safepoint (normal execution)

VM Mutex/Monitor currently owned by a thread:  ([mutex/lock_event])
[0x00007ffa42bd4888] Threads_lock - owner thread: 0x000001751fb76150
[0x00007ffa42bd4988] Heap_lock - owner thread: 0x000001756c3ac950

Heap address: 0x0000000080000000, size: 2048 MB, Compressed Oops mode: 32-bit

CDS archive(s) mapped at: [0x0000017521000000-0x0000017521d70000-0x0000017521d70000), size 14090240, SharedBaseAddress: 0x0000017521000000, ArchiveRelocationMode: 1.
Compressed class space mapped at: 0x0000017522000000-0x0000017562000000, reserved size: 1073741824
Narrow klass base: 0x0000017521000000, Narrow klass shift: 0, Narrow klass range: 0x41000000

GC Precious Log:
 CardTable entry size: 512
 Card Set container configuration: InlinePtr #cards 5 size 8 Array Of Cards #cards 10 size 36 Howl #buckets 4 coarsen threshold 1843 Howl Bitmap #cards 512 size 80 coarsen threshold 460 Card regions per heap region 1 cards per card region 2048
 CPUs: 12 total, 12 available
 Memory: 7489M
 Large Page Support: Disabled
 NUMA Support: Disabled
 Compressed Oops: Enabled (32-bit)
 Heap Region Size: 1M
 Heap Min Capacity: 8M
 Heap Initial Capacity: 118M
 Heap Max Capacity: 2G
 Pre-touch: Disabled
 Parallel Workers: 10
 Concurrent Workers: 3
 Concurrent Refinement Workers: 10
 Periodic GC: Disabled

Heap:
 garbage-first heap   total reserved 2097152K, committed 281600K, used 168960K [0x0000000080000000, 0x0000000100000000)
  region size 1024K, 14 young (14336K), 14 survivors (14336K)
 Metaspace       used 125114K, committed 127552K, reserved 1179648K
  class space    used 17498K, committed 18688K, reserved 1048576K

Heap Regions: E=young(eden), S=young(survivor), O=old, HS=humongous(starts), HC=humongous(continues), CS=collection set, F=free, TAMS=top-at-mark-start, PB=parsable bottom
|   0|0x0000000080000000, 0x0000000080100000, 0x0000000080100000|100%| O|  |TAMS 0x0000000080000000| PB 0x0000000080000000| Untracked |  0
|   1|0x0000000080100000, 0x0000000080200000, 0x0000000080200000|100%| O|  |TAMS 0x0000000080100000| PB 0x0000000080100000| Untracked |  0
|   2|0x0000000080200000, 0x0000000080300000, 0x0000000080300000|100%|HS|  |TAMS 0x0000000080200000| PB 0x0000000080200000| Complete |  0
|   3|0x0000000080300000, 0x0000000080400000, 0x0000000080400000|100%|HC|  |TAMS 0x0000000080300000| PB 0x0000000080300000| Complete |  0
|   4|0x0000000080400000, 0x0000000080500000, 0x0000000080500000|100%|HC|  |TAMS 0x0000000080400000| PB 0x0000000080400000| Complete |  0
|   5|0x0000000080500000, 0x0000000080600000, 0x0000000080600000|100%| O|  |TAMS 0x0000000080500000| PB 0x0000000080500000| Untracked |  0
|   6|0x0000000080600000, 0x0000000080700000, 0x0000000080700000|100%| O|  |TAMS 0x0000000080600000| PB 0x0000000080600000| Untracked |  0
|   7|0x0000000080700000, 0x0000000080800000, 0x0000000080800000|100%| O|  |TAMS 0x0000000080700000| PB 0x0000000080700000| Untracked |  0
|   8|0x0000000080800000, 0x0000000080900000, 0x0000000080900000|100%|HS|  |TAMS 0x0000000080800000| PB 0x0000000080800000| Complete |  0
|   9|0x0000000080900000, 0x0000000080a00000, 0x0000000080a00000|100%| O|  |TAMS 0x0000000080900000| PB 0x0000000080900000| Untracked |  0
|  10|0x0000000080a00000, 0x0000000080b00000, 0x0000000080b00000|100%| O|  |TAMS 0x0000000080a00000| PB 0x0000000080a00000| Untracked |  0
|  11|0x0000000080b00000, 0x0000000080c00000, 0x0000000080c00000|100%| O|  |TAMS 0x0000000080b00000| PB 0x0000000080b00000| Untracked |  0
|  12|0x0000000080c00000, 0x0000000080d00000, 0x0000000080d00000|100%| O|  |TAMS 0x0000000080c00000| PB 0x0000000080c00000| Untracked |  0
|  13|0x0000000080d00000, 0x0000000080e00000, 0x0000000080e00000|100%| O|  |TAMS 0x0000000080d00000| PB 0x0000000080d00000| Untracked |  0
|  14|0x0000000080e00000, 0x0000000080f00000, 0x0000000080f00000|100%| O|  |TAMS 0x0000000080e00000| PB 0x0000000080e00000| Untracked |  0
|  15|0x0000000080f00000, 0x0000000081000000, 0x0000000081000000|100%| O|  |TAMS 0x0000000080f00000| PB 0x0000000080f00000| Untracked |  0
|  16|0x0000000081000000, 0x0000000081100000, 0x0000000081100000|100%| O|  |TAMS 0x0000000081000000| PB 0x0000000081000000| Untracked |  0
|  17|0x0000000081100000, 0x0000000081200000, 0x0000000081200000|100%| O|  |TAMS 0x0000000081100000| PB 0x0000000081100000| Untracked |  0
|  18|0x0000000081200000, 0x0000000081300000, 0x0000000081300000|100%| O|  |TAMS 0x0000000081200000| PB 0x0000000081200000| Untracked |  0
|  19|0x0000000081300000, 0x0000000081400000, 0x0000000081400000|100%| O|  |TAMS 0x0000000081300000| PB 0x0000000081300000| Untracked |  0
|  20|0x0000000081400000, 0x0000000081500000, 0x0000000081500000|100%| O|  |TAMS 0x0000000081400000| PB 0x0000000081400000| Untracked |  0
|  21|0x0000000081500000, 0x0000000081600000, 0x0000000081600000|100%| O|  |TAMS 0x0000000081500000| PB 0x0000000081500000| Untracked |  0
|  22|0x0000000081600000, 0x0000000081700000, 0x0000000081700000|100%| O|  |TAMS 0x0000000081600000| PB 0x0000000081600000| Untracked |  0
|  23|0x0000000081700000, 0x0000000081800000, 0x0000000081800000|100%| O|  |TAMS 0x0000000081700000| PB 0x0000000081700000| Untracked |  0
|  24|0x0000000081800000, 0x0000000081900000, 0x0000000081900000|100%| O|  |TAMS 0x0000000081800000| PB 0x0000000081800000| Untracked |  0
|  25|0x0000000081900000, 0x0000000081a00000, 0x0000000081a00000|100%| O|  |TAMS 0x0000000081900000| PB 0x0000000081900000| Untracked |  0
|  26|0x0000000081a00000, 0x0000000081b00000, 0x0000000081b00000|100%| O|  |TAMS 0x0000000081a00000| PB 0x0000000081a00000| Untracked |  0
|  27|0x0000000081b00000, 0x0000000081c00000, 0x0000000081c00000|100%| O|  |TAMS 0x0000000081b00000| PB 0x0000000081b00000| Untracked |  0
|  28|0x0000000081c00000, 0x0000000081d00000, 0x0000000081d00000|100%| O|  |TAMS 0x0000000081c00000| PB 0x0000000081c00000| Untracked |  0
|  29|0x0000000081d00000, 0x0000000081e00000, 0x0000000081e00000|100%| O|  |TAMS 0x0000000081d00000| PB 0x0000000081d00000| Untracked |  0
|  30|0x0000000081e00000, 0x0000000081f00000, 0x0000000081f00000|100%| O|  |TAMS 0x0000000081e00000| PB 0x0000000081e00000| Untracked |  0
|  31|0x0000000081f00000, 0x0000000082000000, 0x0000000082000000|100%| O|  |TAMS 0x0000000081f00000| PB 0x0000000081f00000| Untracked |  0
|  32|0x0000000082000000, 0x0000000082100000, 0x0000000082100000|100%| O|  |TAMS 0x0000000082000000| PB 0x0000000082000000| Untracked |  0
|  33|0x0000000082100000, 0x0000000082200000, 0x0000000082200000|100%| O|  |TAMS 0x0000000082100000| PB 0x0000000082100000| Untracked |  0
|  34|0x0000000082200000, 0x0000000082300000, 0x0000000082300000|100%| O|  |TAMS 0x0000000082200000| PB 0x0000000082200000| Untracked |  0
|  35|0x0000000082300000, 0x0000000082300000, 0x0000000082400000|  0%| F|  |TAMS 0x0000000082300000| PB 0x0000000082300000| Untracked |  0
|  36|0x0000000082400000, 0x0000000082500000, 0x0000000082500000|100%| O|  |TAMS 0x0000000082400000| PB 0x0000000082400000| Untracked |  0
|  37|0x0000000082500000, 0x0000000082600000, 0x0000000082600000|100%| O|  |TAMS 0x0000000082500000| PB 0x0000000082500000| Untracked |  0
|  38|0x0000000082600000, 0x0000000082700000, 0x0000000082700000|100%| O|  |TAMS 0x0000000082600000| PB 0x0000000082600000| Untracked |  0
|  39|0x0000000082700000, 0x0000000082800000, 0x0000000082800000|100%| O|  |TAMS 0x0000000082700000| PB 0x0000000082700000| Untracked |  0
|  40|0x0000000082800000, 0x0000000082800000, 0x0000000082900000|  0%| F|  |TAMS 0x0000000082800000| PB 0x0000000082800000| Untracked |  0
|  41|0x0000000082900000, 0x0000000082900000, 0x0000000082a00000|  0%| F|  |TAMS 0x0000000082900000| PB 0x0000000082900000| Untracked |  0
|  42|0x0000000082a00000, 0x0000000082b00000, 0x0000000082b00000|100%| O|  |TAMS 0x0000000082a00000| PB 0x0000000082a00000| Untracked |  0
|  43|0x0000000082b00000, 0x0000000082c00000, 0x0000000082c00000|100%| O|  |TAMS 0x0000000082b00000| PB 0x0000000082b00000| Untracked |  0
|  44|0x0000000082c00000, 0x0000000082d00000, 0x0000000082d00000|100%| O|  |TAMS 0x0000000082c00000| PB 0x0000000082c00000| Untracked |  0
|  45|0x0000000082d00000, 0x0000000082e00000, 0x0000000082e00000|100%| O|  |TAMS 0x0000000082d00000| PB 0x0000000082d00000| Untracked |  0
|  46|0x0000000082e00000, 0x0000000082f00000, 0x0000000082f00000|100%| O|  |TAMS 0x0000000082e00000| PB 0x0000000082e00000| Untracked |  0
|  47|0x0000000082f00000, 0x0000000083000000, 0x0000000083000000|100%| O|  |TAMS 0x0000000082f00000| PB 0x0000000082f00000| Untracked |  0
|  48|0x0000000083000000, 0x0000000083100000, 0x0000000083100000|100%| O|  |TAMS 0x0000000083000000| PB 0x0000000083000000| Untracked |  0
|  49|0x0000000083100000, 0x0000000083200000, 0x0000000083200000|100%| O|  |TAMS 0x0000000083100000| PB 0x0000000083100000| Untracked |  0
|  50|0x0000000083200000, 0x0000000083300000, 0x0000000083300000|100%|HS|  |TAMS 0x0000000083200000| PB 0x0000000083200000| Complete |  0
|  51|0x0000000083300000, 0x0000000083400000, 0x0000000083400000|100%|HS|  |TAMS 0x0000000083300000| PB 0x0000000083300000| Complete |  0
|  52|0x0000000083400000, 0x0000000083500000, 0x0000000083500000|100%| O|  |TAMS 0x0000000083400000| PB 0x0000000083400000| Untracked |  0
|  53|0x0000000083500000, 0x0000000083600000, 0x0000000083600000|100%| O|  |TAMS 0x0000000083500000| PB 0x0000000083500000| Untracked |  0
|  54|0x0000000083600000, 0x0000000083700000, 0x0000000083700000|100%| O|  |TAMS 0x0000000083600000| PB 0x0000000083600000| Untracked |  0
|  55|0x0000000083700000, 0x0000000083800000, 0x0000000083800000|100%| O|  |TAMS 0x0000000083700000| PB 0x0000000083700000| Untracked |  0
|  56|0x0000000083800000, 0x0000000083900000, 0x0000000083900000|100%| O|  |TAMS 0x0000000083800000| PB 0x0000000083800000| Untracked |  0
|  57|0x0000000083900000, 0x0000000083a00000, 0x0000000083a00000|100%|HS|  |TAMS 0x0000000083900000| PB 0x0000000083900000| Complete |  0
|  58|0x0000000083a00000, 0x0000000083b00000, 0x0000000083b00000|100%|HS|  |TAMS 0x0000000083a00000| PB 0x0000000083a00000| Complete |  0
|  59|0x0000000083b00000, 0x0000000083c00000, 0x0000000083c00000|100%|HS|  |TAMS 0x0000000083b00000| PB 0x0000000083b00000| Complete |  0
|  60|0x0000000083c00000, 0x0000000083d00000, 0x0000000083d00000|100%|HS|  |TAMS 0x0000000083c00000| PB 0x0000000083c00000| Complete |  0
|  61|0x0000000083d00000, 0x0000000083e00000, 0x0000000083e00000|100%| O|  |TAMS 0x0000000083d00000| PB 0x0000000083d00000| Untracked |  0
|  62|0x0000000083e00000, 0x0000000083f00000, 0x0000000083f00000|100%| O|  |TAMS 0x0000000083e00000| PB 0x0000000083e00000| Untracked |  0
|  63|0x0000000083f00000, 0x0000000084000000, 0x0000000084000000|100%| O|  |TAMS 0x0000000083f00000| PB 0x0000000083f00000| Untracked |  0
|  64|0x0000000084000000, 0x0000000084100000, 0x0000000084100000|100%| O|  |TAMS 0x0000000084000000| PB 0x0000000084000000| Untracked |  0
|  65|0x0000000084100000, 0x0000000084200000, 0x0000000084200000|100%|HS|  |TAMS 0x0000000084100000| PB 0x0000000084100000| Complete |  0
|  66|0x0000000084200000, 0x0000000084300000, 0x0000000084300000|100%| O|  |TAMS 0x0000000084200000| PB 0x0000000084200000| Untracked |  0
|  67|0x0000000084300000, 0x0000000084400000, 0x0000000084400000|100%| O|  |TAMS 0x0000000084300000| PB 0x0000000084300000| Untracked |  0
|  68|0x0000000084400000, 0x0000000084500000, 0x0000000084500000|100%| O|  |TAMS 0x0000000084400000| PB 0x0000000084400000| Untracked |  0
|  69|0x0000000084500000, 0x0000000084600000, 0x0000000084600000|100%| O|  |TAMS 0x0000000084500000| PB 0x0000000084500000| Untracked |  0
|  70|0x0000000084600000, 0x0000000084600000, 0x0000000084700000|  0%| F|  |TAMS 0x0000000084600000| PB 0x0000000084600000| Untracked |  0
|  71|0x0000000084700000, 0x0000000084800000, 0x0000000084800000|100%| O|  |TAMS 0x0000000084700000| PB 0x0000000084700000| Untracked |  0
|  72|0x0000000084800000, 0x0000000084900000, 0x0000000084900000|100%| O|  |TAMS 0x0000000084800000| PB 0x0000000084800000| Untracked |  0
|  73|0x0000000084900000, 0x0000000084a00000, 0x0000000084a00000|100%| O|  |TAMS 0x0000000084900000| PB 0x0000000084900000| Untracked |  0
|  74|0x0000000084a00000, 0x0000000084b00000, 0x0000000084b00000|100%| O|  |TAMS 0x0000000084a00000| PB 0x0000000084a00000| Untracked |  0
|  75|0x0000000084b00000, 0x0000000084c00000, 0x0000000084c00000|100%| O|  |TAMS 0x0000000084b00000| PB 0x0000000084b00000| Untracked |  0
|  76|0x0000000084c00000, 0x0000000084d00000, 0x0000000084d00000|100%| O|  |TAMS 0x0000000084c00000| PB 0x0000000084c00000| Untracked |  0
|  77|0x0000000084d00000, 0x0000000084e00000, 0x0000000084e00000|100%| O|  |TAMS 0x0000000084d00000| PB 0x0000000084d00000| Untracked |  0
|  78|0x0000000084e00000, 0x0000000084f00000, 0x0000000084f00000|100%| O|  |TAMS 0x0000000084e00000| PB 0x0000000084e00000| Untracked |  0
|  79|0x0000000084f00000, 0x0000000085000000, 0x0000000085000000|100%| O|  |TAMS 0x0000000084f00000| PB 0x0000000084f00000| Untracked |  0
|  80|0x0000000085000000, 0x0000000085100000, 0x0000000085100000|100%| O|  |TAMS 0x0000000085000000| PB 0x0000000085000000| Untracked |  0
|  81|0x0000000085100000, 0x0000000085200000, 0x0000000085200000|100%| O|  |TAMS 0x0000000085100000| PB 0x0000000085100000| Untracked |  0
|  82|0x0000000085200000, 0x0000000085300000, 0x0000000085300000|100%| O|  |TAMS 0x0000000085200000| PB 0x0000000085200000| Untracked |  0
|  83|0x0000000085300000, 0x0000000085400000, 0x0000000085400000|100%| O|  |TAMS 0x0000000085300000| PB 0x0000000085300000| Untracked |  0
|  84|0x0000000085400000, 0x0000000085500000, 0x0000000085500000|100%| O|  |TAMS 0x0000000085400000| PB 0x0000000085400000| Untracked |  0
|  85|0x0000000085500000, 0x0000000085600000, 0x0000000085600000|100%| O|  |TAMS 0x0000000085500000| PB 0x0000000085500000| Untracked |  0
|  86|0x0000000085600000, 0x0000000085700000, 0x0000000085700000|100%| O|  |TAMS 0x0000000085600000| PB 0x0000000085600000| Untracked |  0
|  87|0x0000000085700000, 0x0000000085800000, 0x0000000085800000|100%| O|  |TAMS 0x0000000085700000| PB 0x0000000085700000| Untracked |  0
|  88|0x0000000085800000, 0x0000000085900000, 0x0000000085900000|100%| O|  |TAMS 0x0000000085800000| PB 0x0000000085800000| Untracked |  0
|  89|0x0000000085900000, 0x0000000085a00000, 0x0000000085a00000|100%| O|  |TAMS 0x0000000085900000| PB 0x0000000085900000| Untracked |  0
|  90|0x0000000085a00000, 0x0000000085b00000, 0x0000000085b00000|100%| O|  |TAMS 0x0000000085a00000| PB 0x0000000085a00000| Untracked |  0
|  91|0x0000000085b00000, 0x0000000085c00000, 0x0000000085c00000|100%| O|  |TAMS 0x0000000085b00000| PB 0x0000000085b00000| Untracked |  0
|  92|0x0000000085c00000, 0x0000000085d00000, 0x0000000085d00000|100%| O|  |TAMS 0x0000000085c00000| PB 0x0000000085c00000| Untracked |  0
|  93|0x0000000085d00000, 0x0000000085e00000, 0x0000000085e00000|100%| O|  |TAMS 0x0000000085d00000| PB 0x0000000085d00000| Untracked |  0
|  94|0x0000000085e00000, 0x0000000085f00000, 0x0000000085f00000|100%| O|  |TAMS 0x0000000085e00000| PB 0x0000000085e00000| Untracked |  0
|  95|0x0000000085f00000, 0x0000000086000000, 0x0000000086000000|100%| O|  |TAMS 0x0000000085f00000| PB 0x0000000085f00000| Untracked |  0
|  96|0x0000000086000000, 0x0000000086100000, 0x0000000086100000|100%| O|  |TAMS 0x0000000086000000| PB 0x0000000086000000| Untracked |  0
|  97|0x0000000086100000, 0x0000000086200000, 0x0000000086200000|100%| O|  |TAMS 0x0000000086100000| PB 0x0000000086100000| Untracked |  0
|  98|0x0000000086200000, 0x0000000086300000, 0x0000000086300000|100%| O|  |TAMS 0x0000000086200000| PB 0x0000000086200000| Untracked |  0
|  99|0x0000000086300000, 0x0000000086400000, 0x0000000086400000|100%| O|  |TAMS 0x0000000086300000| PB 0x0000000086300000| Untracked |  0
| 100|0x0000000086400000, 0x0000000086500000, 0x0000000086500000|100%| O|  |TAMS 0x0000000086400000| PB 0x0000000086400000| Untracked |  0
| 101|0x0000000086500000, 0x0000000086600000, 0x0000000086600000|100%| O|  |TAMS 0x0000000086500000| PB 0x0000000086500000| Untracked |  0
| 102|0x0000000086600000, 0x0000000086700000, 0x0000000086700000|100%| O|  |TAMS 0x0000000086600000| PB 0x0000000086600000| Untracked |  0
| 103|0x0000000086700000, 0x0000000086800000, 0x0000000086800000|100%| O|  |TAMS 0x0000000086700000| PB 0x0000000086700000| Untracked |  0
| 104|0x0000000086800000, 0x0000000086900000, 0x0000000086900000|100%| O|  |TAMS 0x0000000086800000| PB 0x0000000086800000| Untracked |  0
| 105|0x0000000086900000, 0x0000000086a00000, 0x0000000086a00000|100%| O|  |TAMS 0x0000000086900000| PB 0x0000000086900000| Untracked |  0
| 106|0x0000000086a00000, 0x0000000086b00000, 0x0000000086b00000|100%| O|  |TAMS 0x0000000086a00000| PB 0x0000000086a00000| Untracked |  0
| 107|0x0000000086b00000, 0x0000000086c00000, 0x0000000086c00000|100%| O|  |TAMS 0x0000000086b00000| PB 0x0000000086b00000| Untracked |  0
| 108|0x0000000086c00000, 0x0000000086d00000, 0x0000000086d00000|100%| O|  |TAMS 0x0000000086c00000| PB 0x0000000086c00000| Untracked |  0
| 109|0x0000000086d00000, 0x0000000086e00000, 0x0000000086e00000|100%| O|  |TAMS 0x0000000086d00000| PB 0x0000000086d00000| Untracked |  0
| 110|0x0000000086e00000, 0x0000000086f00000, 0x0000000086f00000|100%| O|  |TAMS 0x0000000086e00000| PB 0x0000000086e00000| Untracked |  0
| 111|0x0000000086f00000, 0x0000000087000000, 0x0000000087000000|100%| O|  |TAMS 0x0000000086f00000| PB 0x0000000086f00000| Untracked |  0
| 112|0x0000000087000000, 0x0000000087100000, 0x0000000087100000|100%| O|  |TAMS 0x0000000087000000| PB 0x0000000087000000| Untracked |  0
| 113|0x0000000087100000, 0x0000000087200000, 0x0000000087200000|100%| O|  |TAMS 0x0000000087100000| PB 0x0000000087100000| Untracked |  0
| 114|0x0000000087200000, 0x0000000087300000, 0x0000000087300000|100%| O|  |TAMS 0x0000000087200000| PB 0x0000000087200000| Untracked |  0
| 115|0x0000000087300000, 0x0000000087400000, 0x0000000087400000|100%| O|  |TAMS 0x0000000087300000| PB 0x0000000087300000| Untracked |  0
| 116|0x0000000087400000, 0x0000000087500000, 0x0000000087500000|100%| O|  |TAMS 0x0000000087400000| PB 0x0000000087400000| Untracked |  0
| 117|0x0000000087500000, 0x0000000087600000, 0x0000000087600000|100%| O|  |TAMS 0x0000000087500000| PB 0x0000000087500000| Untracked |  0
| 118|0x0000000087600000, 0x0000000087700000, 0x0000000087700000|100%| O|  |TAMS 0x0000000087600000| PB 0x0000000087600000| Untracked |  0
| 119|0x0000000087700000, 0x0000000087800000, 0x0000000087800000|100%| O|  |TAMS 0x0000000087700000| PB 0x0000000087700000| Untracked |  0
| 120|0x0000000087800000, 0x0000000087900000, 0x0000000087900000|100%| O|  |TAMS 0x0000000087800000| PB 0x0000000087800000| Untracked |  0
| 121|0x0000000087900000, 0x0000000087a00000, 0x0000000087a00000|100%| O|  |TAMS 0x0000000087900000| PB 0x0000000087900000| Untracked |  0
| 122|0x0000000087a00000, 0x0000000087b00000, 0x0000000087b00000|100%| O|  |TAMS 0x0000000087a00000| PB 0x0000000087a00000| Untracked |  0
| 123|0x0000000087b00000, 0x0000000087c00000, 0x0000000087c00000|100%| O|  |TAMS 0x0000000087b00000| PB 0x0000000087b00000| Untracked |  0
| 124|0x0000000087c00000, 0x0000000087d00000, 0x0000000087d00000|100%| O|  |TAMS 0x0000000087c00000| PB 0x0000000087c00000| Untracked |  0
| 125|0x0000000087d00000, 0x0000000087e00000, 0x0000000087e00000|100%| O|  |TAMS 0x0000000087d00000| PB 0x0000000087d00000| Untracked |  0
| 126|0x0000000087e00000, 0x0000000087f00000, 0x0000000087f00000|100%| O|  |TAMS 0x0000000087e00000| PB 0x0000000087e00000| Untracked |  0
| 127|0x0000000087f00000, 0x0000000088000000, 0x0000000088000000|100%| O|  |TAMS 0x0000000087f00000| PB 0x0000000087f00000| Untracked |  0
| 128|0x0000000088000000, 0x0000000088000000, 0x0000000088100000|  0%| F|  |TAMS 0x0000000088000000| PB 0x0000000088000000| Untracked |  0
| 129|0x0000000088100000, 0x0000000088200000, 0x0000000088200000|100%| O|  |TAMS 0x0000000088100000| PB 0x0000000088100000| Untracked |  0
| 130|0x0000000088200000, 0x0000000088300000, 0x0000000088300000|100%| O|  |TAMS 0x0000000088200000| PB 0x0000000088200000| Untracked |  0
| 131|0x0000000088300000, 0x0000000088400000, 0x0000000088400000|100%| O|  |TAMS 0x0000000088300000| PB 0x0000000088300000| Untracked |  0
| 132|0x0000000088400000, 0x0000000088500000, 0x0000000088500000|100%| O|  |TAMS 0x0000000088400000| PB 0x0000000088400000| Untracked |  0
| 133|0x0000000088500000, 0x0000000088600000, 0x0000000088600000|100%| O|  |TAMS 0x0000000088500000| PB 0x0000000088500000| Untracked |  0
| 134|0x0000000088600000, 0x0000000088700000, 0x0000000088700000|100%| O|  |TAMS 0x0000000088600000| PB 0x0000000088600000| Untracked |  0
| 135|0x0000000088700000, 0x0000000088800000, 0x0000000088800000|100%| O|  |TAMS 0x0000000088700000| PB 0x0000000088700000| Untracked |  0
| 136|0x0000000088800000, 0x0000000088900000, 0x0000000088900000|100%| O|  |TAMS 0x0000000088800000| PB 0x0000000088800000| Untracked |  0
| 137|0x0000000088900000, 0x0000000088a00000, 0x0000000088a00000|100%| O|  |TAMS 0x0000000088900000| PB 0x0000000088900000| Untracked |  0
| 138|0x0000000088a00000, 0x0000000088b00000, 0x0000000088b00000|100%| O|  |TAMS 0x0000000088a00000| PB 0x0000000088a00000| Untracked |  0
| 139|0x0000000088b00000, 0x0000000088c00000, 0x0000000088c00000|100%| O|  |TAMS 0x0000000088b00000| PB 0x0000000088b00000| Untracked |  0
| 140|0x0000000088c00000, 0x0000000088d00000, 0x0000000088d00000|100%| O|  |TAMS 0x0000000088c00000| PB 0x0000000088c00000| Untracked |  0
| 141|0x0000000088d00000, 0x0000000088e00000, 0x0000000088e00000|100%| O|  |TAMS 0x0000000088d00000| PB 0x0000000088d00000| Untracked |  0
| 142|0x0000000088e00000, 0x0000000088f00000, 0x0000000088f00000|100%| O|  |TAMS 0x0000000088e00000| PB 0x0000000088e00000| Untracked |  0
| 143|0x0000000088f00000, 0x0000000089000000, 0x0000000089000000|100%| O|  |TAMS 0x0000000088f00000| PB 0x0000000088f00000| Untracked |  0
| 144|0x0000000089000000, 0x0000000089100000, 0x0000000089100000|100%| O|  |TAMS 0x0000000089000000| PB 0x0000000089000000| Untracked |  0
| 145|0x0000000089100000, 0x0000000089200000, 0x0000000089200000|100%| O|  |TAMS 0x0000000089100000| PB 0x0000000089100000| Untracked |  0
| 146|0x0000000089200000, 0x0000000089300000, 0x0000000089300000|100%| O|  |TAMS 0x0000000089200000| PB 0x0000000089200000| Untracked |  0
| 147|0x0000000089300000, 0x0000000089300000, 0x0000000089400000|  0%| F|  |TAMS 0x0000000089300000| PB 0x0000000089300000| Untracked |  0
| 148|0x0000000089400000, 0x0000000089400000, 0x0000000089500000|  0%| F|  |TAMS 0x0000000089400000| PB 0x0000000089400000| Untracked |  0
| 149|0x0000000089500000, 0x0000000089500000, 0x0000000089600000|  0%| F|  |TAMS 0x0000000089500000| PB 0x0000000089500000| Untracked |  0
| 150|0x0000000089600000, 0x0000000089600000, 0x0000000089700000|  0%| F|  |TAMS 0x0000000089600000| PB 0x0000000089600000| Untracked |  0
| 151|0x0000000089700000, 0x0000000089700000, 0x0000000089800000|  0%| F|  |TAMS 0x0000000089700000| PB 0x0000000089700000| Untracked |  0
| 152|0x0000000089800000, 0x0000000089800000, 0x0000000089900000|  0%| F|  |TAMS 0x0000000089800000| PB 0x0000000089800000| Untracked |  0
| 153|0x0000000089900000, 0x0000000089900000, 0x0000000089a00000|  0%| F|  |TAMS 0x0000000089900000| PB 0x0000000089900000| Untracked |  0
| 154|0x0000000089a00000, 0x0000000089a00000, 0x0000000089b00000|  0%| F|  |TAMS 0x0000000089a00000| PB 0x0000000089a00000| Untracked |  0
| 155|0x0000000089b00000, 0x0000000089b00000, 0x0000000089c00000|  0%| F|  |TAMS 0x0000000089b00000| PB 0x0000000089b00000| Untracked |  0
| 156|0x0000000089c00000, 0x0000000089c00000, 0x0000000089d00000|  0%| F|  |TAMS 0x0000000089c00000| PB 0x0000000089c00000| Untracked |  0
| 157|0x0000000089d00000, 0x0000000089d00000, 0x0000000089e00000|  0%| F|  |TAMS 0x0000000089d00000| PB 0x0000000089d00000| Untracked |  0
| 158|0x0000000089e00000, 0x0000000089e00000, 0x0000000089f00000|  0%| F|  |TAMS 0x0000000089e00000| PB 0x0000000089e00000| Untracked |  0
| 159|0x0000000089f00000, 0x0000000089f00000, 0x000000008a000000|  0%| F|  |TAMS 0x0000000089f00000| PB 0x0000000089f00000| Untracked |  0
| 160|0x000000008a000000, 0x000000008a100000, 0x000000008a100000|100%| O|  |TAMS 0x000000008a000000| PB 0x000000008a000000| Untracked |  0
| 161|0x000000008a100000, 0x000000008a200000, 0x000000008a200000|100%| O|  |TAMS 0x000000008a100000| PB 0x000000008a100000| Untracked |  0
| 162|0x000000008a200000, 0x000000008a300000, 0x000000008a300000|100%| S|CS|TAMS 0x000000008a200000| PB 0x000000008a200000| Complete |  0
| 163|0x000000008a300000, 0x000000008a400000, 0x000000008a400000|100%| O|  |TAMS 0x000000008a300000| PB 0x000000008a300000| Untracked |  0
| 164|0x000000008a400000, 0x000000008a500000, 0x000000008a500000|100%| S|CS|TAMS 0x000000008a400000| PB 0x000000008a400000| Complete |  0
| 165|0x000000008a500000, 0x000000008a600000, 0x000000008a600000|100%| S|CS|TAMS 0x000000008a500000| PB 0x000000008a500000| Complete |  0
| 166|0x000000008a600000, 0x000000008a700000, 0x000000008a700000|100%| S|CS|TAMS 0x000000008a600000| PB 0x000000008a600000| Complete |  0
| 167|0x000000008a700000, 0x000000008a800000, 0x000000008a800000|100%| S|CS|TAMS 0x000000008a700000| PB 0x000000008a700000| Complete |  0
| 168|0x000000008a800000, 0x000000008a900000, 0x000000008a900000|100%| S|CS|TAMS 0x000000008a800000| PB 0x000000008a800000| Complete |  0
| 169|0x000000008a900000, 0x000000008aa00000, 0x000000008aa00000|100%| S|CS|TAMS 0x000000008a900000| PB 0x000000008a900000| Complete |  0
| 170|0x000000008aa00000, 0x000000008ab00000, 0x000000008ab00000|100%| S|CS|TAMS 0x000000008aa00000| PB 0x000000008aa00000| Complete |  0
| 171|0x000000008ab00000, 0x000000008ac00000, 0x000000008ac00000|100%| S|CS|TAMS 0x000000008ab00000| PB 0x000000008ab00000| Complete |  0
| 172|0x000000008ac00000, 0x000000008ad00000, 0x000000008ad00000|100%| S|CS|TAMS 0x000000008ac00000| PB 0x000000008ac00000| Complete |  0
| 173|0x000000008ad00000, 0x000000008ae00000, 0x000000008ae00000|100%| S|CS|TAMS 0x000000008ad00000| PB 0x000000008ad00000| Complete |  0
| 174|0x000000008ae00000, 0x000000008af00000, 0x000000008af00000|100%| S|CS|TAMS 0x000000008ae00000| PB 0x000000008ae00000| Complete |  0
| 175|0x000000008af00000, 0x000000008af00000, 0x000000008b000000|  0%| F|  |TAMS 0x000000008af00000| PB 0x000000008af00000| Untracked |  0
| 176|0x000000008b000000, 0x000000008b000000, 0x000000008b100000|  0%| F|  |TAMS 0x000000008b000000| PB 0x000000008b000000| Untracked |  0
| 177|0x000000008b100000, 0x000000008b100000, 0x000000008b200000|  0%| F|  |TAMS 0x000000008b100000| PB 0x000000008b100000| Untracked |  0
| 178|0x000000008b200000, 0x000000008b200000, 0x000000008b300000|  0%| F|  |TAMS 0x000000008b200000| PB 0x000000008b200000| Untracked |  0
| 179|0x000000008b300000, 0x000000008b300000, 0x000000008b400000|  0%| F|  |TAMS 0x000000008b300000| PB 0x000000008b300000| Untracked |  0
| 180|0x000000008b400000, 0x000000008b400000, 0x000000008b500000|  0%| F|  |TAMS 0x000000008b400000| PB 0x000000008b400000| Untracked |  0
| 181|0x000000008b500000, 0x000000008b500000, 0x000000008b600000|  0%| F|  |TAMS 0x000000008b500000| PB 0x000000008b500000| Untracked |  0
| 182|0x000000008b600000, 0x000000008b600000, 0x000000008b700000|  0%| F|  |TAMS 0x000000008b600000| PB 0x000000008b600000| Untracked |  0
| 183|0x000000008b700000, 0x000000008b700000, 0x000000008b800000|  0%| F|  |TAMS 0x000000008b700000| PB 0x000000008b700000| Untracked |  0
| 184|0x000000008b800000, 0x000000008b800000, 0x000000008b900000|  0%| F|  |TAMS 0x000000008b800000| PB 0x000000008b800000| Untracked |  0
| 185|0x000000008b900000, 0x000000008b900000, 0x000000008ba00000|  0%| F|  |TAMS 0x000000008b900000| PB 0x000000008b900000| Untracked |  0
| 186|0x000000008ba00000, 0x000000008ba00000, 0x000000008bb00000|  0%| F|  |TAMS 0x000000008ba00000| PB 0x000000008ba00000| Untracked |  0
| 187|0x000000008bb00000, 0x000000008bb00000, 0x000000008bc00000|  0%| F|  |TAMS 0x000000008bb00000| PB 0x000000008bb00000| Untracked |  0
| 188|0x000000008bc00000, 0x000000008bc00000, 0x000000008bd00000|  0%| F|  |TAMS 0x000000008bc00000| PB 0x000000008bc00000| Untracked |  0
| 189|0x000000008bd00000, 0x000000008bd00000, 0x000000008be00000|  0%| F|  |TAMS 0x000000008bd00000| PB 0x000000008bd00000| Untracked |  0
| 190|0x000000008be00000, 0x000000008be00000, 0x000000008bf00000|  0%| F|  |TAMS 0x000000008be00000| PB 0x000000008be00000| Untracked |  0
| 191|0x000000008bf00000, 0x000000008bf00000, 0x000000008c000000|  0%| F|  |TAMS 0x000000008bf00000| PB 0x000000008bf00000| Untracked |  0
| 192|0x000000008c000000, 0x000000008c000000, 0x000000008c100000|  0%| F|  |TAMS 0x000000008c000000| PB 0x000000008c000000| Untracked |  0
| 193|0x000000008c100000, 0x000000008c100000, 0x000000008c200000|  0%| F|  |TAMS 0x000000008c100000| PB 0x000000008c100000| Untracked |  0
| 194|0x000000008c200000, 0x000000008c200000, 0x000000008c300000|  0%| F|  |TAMS 0x000000008c200000| PB 0x000000008c200000| Untracked |  0
| 195|0x000000008c300000, 0x000000008c300000, 0x000000008c400000|  0%| F|  |TAMS 0x000000008c300000| PB 0x000000008c300000| Untracked |  0
| 196|0x000000008c400000, 0x000000008c400000, 0x000000008c500000|  0%| F|  |TAMS 0x000000008c400000| PB 0x000000008c400000| Untracked |  0
| 197|0x000000008c500000, 0x000000008c500000, 0x000000008c600000|  0%| F|  |TAMS 0x000000008c500000| PB 0x000000008c500000| Untracked |  0
| 198|0x000000008c600000, 0x000000008c600000, 0x000000008c700000|  0%| F|  |TAMS 0x000000008c600000| PB 0x000000008c600000| Untracked |  0
| 199|0x000000008c700000, 0x000000008c700000, 0x000000008c800000|  0%| F|  |TAMS 0x000000008c700000| PB 0x000000008c700000| Untracked |  0
| 200|0x000000008c800000, 0x000000008c800000, 0x000000008c900000|  0%| F|  |TAMS 0x000000008c800000| PB 0x000000008c800000| Untracked |  0
| 201|0x000000008c900000, 0x000000008c900000, 0x000000008ca00000|  0%| F|  |TAMS 0x000000008c900000| PB 0x000000008c900000| Untracked |  0
| 202|0x000000008ca00000, 0x000000008ca00000, 0x000000008cb00000|  0%| F|  |TAMS 0x000000008ca00000| PB 0x000000008ca00000| Untracked |  0
| 203|0x000000008cb00000, 0x000000008cb00000, 0x000000008cc00000|  0%| F|  |TAMS 0x000000008cb00000| PB 0x000000008cb00000| Untracked |  0
| 204|0x000000008cc00000, 0x000000008cc00000, 0x000000008cd00000|  0%| F|  |TAMS 0x000000008cc00000| PB 0x000000008cc00000| Untracked |  0
| 205|0x000000008cd00000, 0x000000008cd00000, 0x000000008ce00000|  0%| F|  |TAMS 0x000000008cd00000| PB 0x000000008cd00000| Untracked |  0
| 206|0x000000008ce00000, 0x000000008ce00000, 0x000000008cf00000|  0%| F|  |TAMS 0x000000008ce00000| PB 0x000000008ce00000| Untracked |  0
| 207|0x000000008cf00000, 0x000000008cf00000, 0x000000008d000000|  0%| F|  |TAMS 0x000000008cf00000| PB 0x000000008cf00000| Untracked |  0
| 208|0x000000008d000000, 0x000000008d000000, 0x000000008d100000|  0%| F|  |TAMS 0x000000008d000000| PB 0x000000008d000000| Untracked |  0
| 209|0x000000008d100000, 0x000000008d100000, 0x000000008d200000|  0%| F|  |TAMS 0x000000008d100000| PB 0x000000008d100000| Untracked |  0
| 210|0x000000008d200000, 0x000000008d200000, 0x000000008d300000|  0%| F|  |TAMS 0x000000008d200000| PB 0x000000008d200000| Untracked |  0
| 211|0x000000008d300000, 0x000000008d300000, 0x000000008d400000|  0%| F|  |TAMS 0x000000008d300000| PB 0x000000008d300000| Untracked |  0
| 212|0x000000008d400000, 0x000000008d400000, 0x000000008d500000|  0%| F|  |TAMS 0x000000008d400000| PB 0x000000008d400000| Untracked |  0
| 213|0x000000008d500000, 0x000000008d500000, 0x000000008d600000|  0%| F|  |TAMS 0x000000008d500000| PB 0x000000008d500000| Untracked |  0
| 214|0x000000008d600000, 0x000000008d600000, 0x000000008d700000|  0%| F|  |TAMS 0x000000008d600000| PB 0x000000008d600000| Untracked |  0
| 215|0x000000008d700000, 0x000000008d700000, 0x000000008d800000|  0%| F|  |TAMS 0x000000008d700000| PB 0x000000008d700000| Untracked |  0
| 216|0x000000008d800000, 0x000000008d800000, 0x000000008d900000|  0%| F|  |TAMS 0x000000008d800000| PB 0x000000008d800000| Untracked |  0
| 217|0x000000008d900000, 0x000000008d900000, 0x000000008da00000|  0%| F|  |TAMS 0x000000008d900000| PB 0x000000008d900000| Untracked |  0
| 218|0x000000008da00000, 0x000000008da00000, 0x000000008db00000|  0%| F|  |TAMS 0x000000008da00000| PB 0x000000008da00000| Untracked |  0
| 219|0x000000008db00000, 0x000000008db00000, 0x000000008dc00000|  0%| F|  |TAMS 0x000000008db00000| PB 0x000000008db00000| Untracked |  0
| 220|0x000000008dc00000, 0x000000008dc00000, 0x000000008dd00000|  0%| F|  |TAMS 0x000000008dc00000| PB 0x000000008dc00000| Untracked |  0
| 221|0x000000008dd00000, 0x000000008dd00000, 0x000000008de00000|  0%| F|  |TAMS 0x000000008dd00000| PB 0x000000008dd00000| Untracked |  0
| 222|0x000000008de00000, 0x000000008de00000, 0x000000008df00000|  0%| F|  |TAMS 0x000000008de00000| PB 0x000000008de00000| Untracked |  0
| 223|0x000000008df00000, 0x000000008df00000, 0x000000008e000000|  0%| F|  |TAMS 0x000000008df00000| PB 0x000000008df00000| Untracked |  0
| 224|0x000000008e000000, 0x000000008e000000, 0x000000008e100000|  0%| F|  |TAMS 0x000000008e000000| PB 0x000000008e000000| Untracked |  0
| 225|0x000000008e100000, 0x000000008e100000, 0x000000008e200000|  0%| F|  |TAMS 0x000000008e100000| PB 0x000000008e100000| Untracked |  0
| 226|0x000000008e200000, 0x000000008e200000, 0x000000008e300000|  0%| F|  |TAMS 0x000000008e200000| PB 0x000000008e200000| Untracked |  0
| 227|0x000000008e300000, 0x000000008e300000, 0x000000008e400000|  0%| F|  |TAMS 0x000000008e300000| PB 0x000000008e300000| Untracked |  0
| 228|0x000000008e400000, 0x000000008e400000, 0x000000008e500000|  0%| F|  |TAMS 0x000000008e400000| PB 0x000000008e400000| Untracked |  0
| 229|0x000000008e500000, 0x000000008e500000, 0x000000008e600000|  0%| F|  |TAMS 0x000000008e500000| PB 0x000000008e500000| Untracked |  0
| 230|0x000000008e600000, 0x000000008e600000, 0x000000008e700000|  0%| F|  |TAMS 0x000000008e600000| PB 0x000000008e600000| Untracked |  0
| 231|0x000000008e700000, 0x000000008e700000, 0x000000008e800000|  0%| F|  |TAMS 0x000000008e700000| PB 0x000000008e700000| Untracked |  0
| 232|0x000000008e800000, 0x000000008e800000, 0x000000008e900000|  0%| F|  |TAMS 0x000000008e800000| PB 0x000000008e800000| Untracked |  0
| 233|0x000000008e900000, 0x000000008e900000, 0x000000008ea00000|  0%| F|  |TAMS 0x000000008e900000| PB 0x000000008e900000| Untracked |  0
| 234|0x000000008ea00000, 0x000000008ea00000, 0x000000008eb00000|  0%| F|  |TAMS 0x000000008ea00000| PB 0x000000008ea00000| Untracked |  0
| 235|0x000000008eb00000, 0x000000008eb00000, 0x000000008ec00000|  0%| F|  |TAMS 0x000000008eb00000| PB 0x000000008eb00000| Untracked |  0
| 236|0x000000008ec00000, 0x000000008ec00000, 0x000000008ed00000|  0%| F|  |TAMS 0x000000008ec00000| PB 0x000000008ec00000| Untracked |  0
| 237|0x000000008ed00000, 0x000000008ed00000, 0x000000008ee00000|  0%| F|  |TAMS 0x000000008ed00000| PB 0x000000008ed00000| Untracked |  0
| 238|0x000000008ee00000, 0x000000008ee00000, 0x000000008ef00000|  0%| F|  |TAMS 0x000000008ee00000| PB 0x000000008ee00000| Untracked |  0
| 239|0x000000008ef00000, 0x000000008ef00000, 0x000000008f000000|  0%| F|  |TAMS 0x000000008ef00000| PB 0x000000008ef00000| Untracked |  0
| 240|0x000000008f000000, 0x000000008f000000, 0x000000008f100000|  0%| F|  |TAMS 0x000000008f000000| PB 0x000000008f000000| Untracked |  0
| 241|0x000000008f100000, 0x000000008f100000, 0x000000008f200000|  0%| F|  |TAMS 0x000000008f100000| PB 0x000000008f100000| Untracked |  0
| 242|0x000000008f200000, 0x000000008f200000, 0x000000008f300000|  0%| F|  |TAMS 0x000000008f200000| PB 0x000000008f200000| Untracked |  0
| 243|0x000000008f300000, 0x000000008f300000, 0x000000008f400000|  0%| F|  |TAMS 0x000000008f300000| PB 0x000000008f300000| Untracked |  0
| 244|0x000000008f400000, 0x000000008f400000, 0x000000008f500000|  0%| F|  |TAMS 0x000000008f400000| PB 0x000000008f400000| Untracked |  0
| 245|0x000000008f500000, 0x000000008f500000, 0x000000008f600000|  0%| F|  |TAMS 0x000000008f500000| PB 0x000000008f500000| Untracked |  0
| 246|0x000000008f600000, 0x000000008f600000, 0x000000008f700000|  0%| F|  |TAMS 0x000000008f600000| PB 0x000000008f600000| Untracked |  0
| 247|0x000000008f700000, 0x000000008f700000, 0x000000008f800000|  0%| F|  |TAMS 0x000000008f700000| PB 0x000000008f700000| Untracked |  0
| 248|0x000000008f800000, 0x000000008f800000, 0x000000008f900000|  0%| F|  |TAMS 0x000000008f800000| PB 0x000000008f800000| Untracked |  0
| 249|0x000000008f900000, 0x000000008f900000, 0x000000008fa00000|  0%| F|  |TAMS 0x000000008f900000| PB 0x000000008f900000| Untracked |  0
| 250|0x000000008fa00000, 0x000000008fa00000, 0x000000008fb00000|  0%| F|  |TAMS 0x000000008fa00000| PB 0x000000008fa00000| Untracked |  0
| 251|0x000000008fb00000, 0x000000008fb00000, 0x000000008fc00000|  0%| F|  |TAMS 0x000000008fb00000| PB 0x000000008fb00000| Untracked |  0
| 252|0x000000008fc00000, 0x000000008fc00000, 0x000000008fd00000|  0%| F|  |TAMS 0x000000008fc00000| PB 0x000000008fc00000| Untracked |  0
| 253|0x000000008fd00000, 0x000000008fd00000, 0x000000008fe00000|  0%| F|  |TAMS 0x000000008fd00000| PB 0x000000008fd00000| Untracked |  0
| 254|0x000000008fe00000, 0x000000008fe00000, 0x000000008ff00000|  0%| F|  |TAMS 0x000000008fe00000| PB 0x000000008fe00000| Untracked |  0
| 255|0x000000008ff00000, 0x000000008ff00000, 0x0000000090000000|  0%| F|  |TAMS 0x000000008ff00000| PB 0x000000008ff00000| Untracked |  0
| 256|0x0000000090000000, 0x0000000090000000, 0x0000000090100000|  0%| F|  |TAMS 0x0000000090000000| PB 0x0000000090000000| Untracked |  0
| 257|0x0000000090100000, 0x0000000090100000, 0x0000000090200000|  0%| F|  |TAMS 0x0000000090100000| PB 0x0000000090100000| Untracked |  0
| 258|0x0000000090200000, 0x0000000090200000, 0x0000000090300000|  0%| F|  |TAMS 0x0000000090200000| PB 0x0000000090200000| Untracked |  0
| 259|0x0000000090300000, 0x0000000090300000, 0x0000000090400000|  0%| F|  |TAMS 0x0000000090300000| PB 0x0000000090300000| Untracked |  0
| 260|0x0000000090400000, 0x0000000090400000, 0x0000000090500000|  0%| F|  |TAMS 0x0000000090400000| PB 0x0000000090400000| Untracked |  0
| 261|0x0000000090500000, 0x0000000090500000, 0x0000000090600000|  0%| F|  |TAMS 0x0000000090500000| PB 0x0000000090500000| Untracked |  0
| 262|0x0000000090600000, 0x0000000090600000, 0x0000000090700000|  0%| F|  |TAMS 0x0000000090600000| PB 0x0000000090600000| Untracked |  0
| 263|0x0000000090700000, 0x0000000090700000, 0x0000000090800000|  0%| F|  |TAMS 0x0000000090700000| PB 0x0000000090700000| Untracked |  0
| 264|0x0000000090800000, 0x0000000090800000, 0x0000000090900000|  0%| F|  |TAMS 0x0000000090800000| PB 0x0000000090800000| Untracked |  0
| 265|0x0000000090900000, 0x0000000090a00000, 0x0000000090a00000|100%| S|CS|TAMS 0x0000000090900000| PB 0x0000000090900000| Complete |  0
| 266|0x0000000090a00000, 0x0000000090b00000, 0x0000000090b00000|100%| S|CS|TAMS 0x0000000090a00000| PB 0x0000000090a00000| Complete |  0
|2040|0x00000000ff800000, 0x00000000ff900000, 0x00000000ff900000|100%| O|  |TAMS 0x00000000ff800000| PB 0x00000000ff800000| Untracked |  0
|2041|0x00000000ff900000, 0x00000000ffa00000, 0x00000000ffa00000|100%| O|  |TAMS 0x00000000ff900000| PB 0x00000000ff900000| Untracked |  0
|2042|0x00000000ffa00000, 0x00000000ffb00000, 0x00000000ffb00000|100%| O|  |TAMS 0x00000000ffa00000| PB 0x00000000ffa00000| Untracked |  0
|2043|0x00000000ffb00000, 0x00000000ffb00000, 0x00000000ffc00000|  0%| F|  |TAMS 0x00000000ffb00000| PB 0x00000000ffb00000| Untracked |  0
|2044|0x00000000ffc00000, 0x00000000ffc00000, 0x00000000ffd00000|  0%| F|  |TAMS 0x00000000ffc00000| PB 0x00000000ffc00000| Untracked |  0
|2045|0x00000000ffd00000, 0x00000000ffe00000, 0x00000000ffe00000|100%| O|  |TAMS 0x00000000ffd00000| PB 0x00000000ffd00000| Untracked |  0
|2046|0x00000000ffe00000, 0x00000000fff00000, 0x00000000fff00000|100%| O|  |TAMS 0x00000000ffe00000| PB 0x00000000ffe00000| Untracked |  0
|2047|0x00000000fff00000, 0x0000000100000000, 0x0000000100000000|100%| O|  |TAMS 0x00000000fff00000| PB 0x00000000fff00000| Untracked |  0

Card table byte_map: [0x000001751b310000,0x000001751b710000] _byte_map_base: 0x000001751af10000

Marking Bits: (CMBitMap*) 0x00000175031b9450
 Bits: [0x000001751b710000, 0x000001751d710000)

Polling page: 0x0000017502890000

Metaspace:

Usage:
  Non-class:    105.09 MB used.
      Class:     17.09 MB used.
       Both:    122.18 MB used.

Virtual space:
  Non-class space:      128.00 MB reserved,     106.31 MB ( 83%) committed,  2 nodes.
      Class space:        1.00 GB reserved,      18.25 MB (  2%) committed,  1 nodes.
             Both:        1.12 GB reserved,     124.56 MB ( 11%) committed. 

Chunk freelists:
   Non-Class:  5.06 MB
       Class:  13.80 MB
        Both:  18.86 MB

MaxMetaspaceSize: unlimited
CompressedClassSpaceSize: 1.00 GB
Initial GC threshold: 21.00 MB
Current GC threshold: 194.00 MB
CDS: on
 - commit_granule_bytes: 65536.
 - commit_granule_words: 8192.
 - virtual_space_node_default_size: 8388608.
 - enlarge_chunks_in_place: 1.
 - use_allocation_guard: 0.


Internal statistics:

num_allocs_failed_limit: 9.
num_arena_births: 4224.
num_arena_deaths: 0.
num_vsnodes_births: 3.
num_vsnodes_deaths: 0.
num_space_committed: 1985.
num_space_uncommitted: 0.
num_chunks_returned_to_freelist: 9.
num_chunks_taken_from_freelist: 9254.
num_chunk_merges: 9.
num_chunk_splits: 6288.
num_chunks_enlarged: 4222.
num_inconsistent_stats: 0.

CodeHeap 'non-profiled nmethods': size=120064Kb used=9670Kb max_used=9670Kb free=110394Kb
 bounds [0x0000017513360000, 0x0000017513ce0000, 0x000001751a8a0000]
CodeHeap 'profiled nmethods': size=120000Kb used=24271Kb max_used=24271Kb free=95728Kb
 bounds [0x000001750b8a0000, 0x000001750d060000, 0x0000017512dd0000]
CodeHeap 'non-nmethods': size=5696Kb used=2997Kb max_used=3057Kb free=2698Kb
 bounds [0x0000017512dd0000, 0x00000175130e0000, 0x0000017513360000]
CodeCache: size=245760Kb, used=36938Kb, max_used=36998Kb, free=208820Kb
 total_blobs=18142, nmethods=17047, adapters=999, full_count=0
Compilation: enabled, stopped_count=0, restarted_count=0

Compilation events (20 events):
Event: 38.760 Thread 0x0000017520451520 21548       3       com.android.tools.r8.internal.H9$a::a (19 bytes)
Event: 38.760 Thread 0x0000017520451520 nmethod 21548 0x000001750c8b3688 code [0x000001750c8b37a0, 0x000001750c8b3958]
Event: 38.760 Thread 0x0000017520451520 21555       3       com.android.tools.r8.internal.Wd::a (183 bytes)
Event: 38.761 Thread 0x0000017520451520 nmethod 21555 0x000001750bb21008 code [0x000001750bb212e0, 0x000001750bb22c10]
Event: 38.761 Thread 0x0000017520451520 21529       3       com.android.tools.r8.graph.j1::f1 (36 bytes)
Event: 38.762 Thread 0x0000017520451520 nmethod 21529 0x000001750bb20a08 code [0x000001750bb20b40, 0x000001750bb20f60]
Event: 38.762 Thread 0x0000017520451520 21500       1       com.android.tools.r8.internal.Lm0::D (2 bytes)
Event: 38.762 Thread 0x0000017520451520 nmethod 21500 0x0000017513cd0888 code [0x0000017513cd09a0, 0x0000017513cd0a68]
Event: 38.762 Thread 0x0000017520451520 21613       2       com.android.tools.r8.graph.t4::b (83 bytes)
Event: 38.763 Thread 0x0000017520451520 nmethod 21613 0x000001750c8b2c88 code [0x000001750c8b2e40, 0x000001750c8b3610]
Event: 38.763 Thread 0x0000017520451520 21558       3       com.android.tools.r8.internal.lb::<init> (10 bytes)
Event: 38.763 Thread 0x0000017520451520 nmethod 21558 0x000001750c8b2908 code [0x000001750c8b2a20, 0x000001750c8b2c40]
Event: 38.763 Thread 0x0000017520451520 21560       3       com.android.tools.r8.internal.lb::a (161 bytes)
Event: 38.763 Thread 0x0000017520451520 nmethod 21560 0x000001750cc58508 code [0x000001750cc587c0, 0x000001750cc59c90]
Event: 38.764 Thread 0x0000017520451520 21561       3       com.android.tools.r8.internal.t9::<init> (19 bytes)
Event: 38.764 Thread 0x0000017520451520 nmethod 21561 0x000001750bb20508 code [0x000001750bb20640, 0x000001750bb20978]
Event: 38.764 Thread 0x0000017520451520 21567       3       com.android.tools.r8.graph.p4::a (129 bytes)
Event: 38.764 Thread 0x0000017572f8f2f0 nmethod 21452 0x0000017513cd0b88 code [0x0000017513cd0d20, 0x0000017513cd1740]
Event: 38.764 Thread 0x0000017572f8f2f0 21539       4       com.android.tools.r8.internal.Wd::a (39 bytes)
Event: 38.765 Thread 0x0000017520451520 nmethod 21567 0x000001750cc57608 code [0x000001750cc57820, 0x000001750cc58410]

GC Heap History (20 events):
Event: 34.256 GC heap after
{Heap after GC invocations=65 (full 0):
 garbage-first heap   total reserved 2097152K, committed 275456K, used 151653K [0x0000000080000000, 0x0000000100000000)
  region size 1024K, 8 young (8192K), 8 survivors (8192K)
 Metaspace       used 115131K, committed 117504K, reserved 1179648K
  class space    used 15802K, committed 16896K, reserved 1048576K
}
Event: 34.389 GC heap before
{Heap before GC invocations=65 (full 0):
 garbage-first heap   total reserved 2097152K, committed 275456K, used 244837K [0x0000000080000000, 0x0000000100000000)
  region size 1024K, 100 young (102400K), 8 survivors (8192K)
 Metaspace       used 115163K, committed 117504K, reserved 1179648K
  class space    used 15806K, committed 16896K, reserved 1048576K
}
Event: 34.396 GC heap after
{Heap after GC invocations=66 (full 0):
 garbage-first heap   total reserved 2097152K, committed 275456K, used 132077K [0x0000000080000000, 0x0000000100000000)
  region size 1024K, 5 young (5120K), 5 survivors (5120K)
 Metaspace       used 115163K, committed 117504K, reserved 1179648K
  class space    used 15806K, committed 16896K, reserved 1048576K
}
Event: 34.506 GC heap before
{Heap before GC invocations=66 (full 0):
 garbage-first heap   total reserved 2097152K, committed 275456K, used 240621K [0x0000000080000000, 0x0000000100000000)
  region size 1024K, 112 young (114688K), 5 survivors (5120K)
 Metaspace       used 115165K, committed 117504K, reserved 1179648K
  class space    used 15806K, committed 16896K, reserved 1048576K
}
Event: 34.511 GC heap after
{Heap after GC invocations=67 (full 0):
 garbage-first heap   total reserved 2097152K, committed 275456K, used 131270K [0x0000000080000000, 0x0000000100000000)
  region size 1024K, 5 young (5120K), 5 survivors (5120K)
 Metaspace       used 115165K, committed 117504K, reserved 1179648K
  class space    used 15806K, committed 16896K, reserved 1048576K
}
Event: 34.647 GC heap before
{Heap before GC invocations=68 (full 0):
 garbage-first heap   total reserved 2097152K, committed 275456K, used 238790K [0x0000000080000000, 0x0000000100000000)
  region size 1024K, 111 young (113664K), 5 survivors (5120K)
 Metaspace       used 115166K, committed 117504K, reserved 1179648K
  class space    used 15806K, committed 16896K, reserved 1048576K
}
Event: 34.651 GC heap after
{Heap after GC invocations=69 (full 0):
 garbage-first heap   total reserved 2097152K, committed 275456K, used 131250K [0x0000000080000000, 0x0000000100000000)
  region size 1024K, 5 young (5120K), 5 survivors (5120K)
 Metaspace       used 115166K, committed 117504K, reserved 1179648K
  class space    used 15806K, committed 16896K, reserved 1048576K
}
Event: 34.885 GC heap before
{Heap before GC invocations=69 (full 0):
 garbage-first heap   total reserved 2097152K, committed 275456K, used 243890K [0x0000000080000000, 0x0000000100000000)
  region size 1024K, 116 young (118784K), 5 survivors (5120K)
 Metaspace       used 115168K, committed 117504K, reserved 1179648K
  class space    used 15806K, committed 16896K, reserved 1048576K
}
Event: 34.891 GC heap after
{Heap after GC invocations=70 (full 0):
 garbage-first heap   total reserved 2097152K, committed 275456K, used 127135K [0x0000000080000000, 0x0000000100000000)
  region size 1024K, 4 young (4096K), 4 survivors (4096K)
 Metaspace       used 115168K, committed 117504K, reserved 1179648K
  class space    used 15806K, committed 16896K, reserved 1048576K
}
Event: 35.245 GC heap before
{Heap before GC invocations=70 (full 0):
 garbage-first heap   total reserved 2097152K, committed 275456K, used 243871K [0x0000000080000000, 0x0000000100000000)
  region size 1024K, 119 young (121856K), 4 survivors (4096K)
 Metaspace       used 115173K, committed 117504K, reserved 1179648K
  class space    used 15806K, committed 16896K, reserved 1048576K
}
Event: 35.249 GC heap after
{Heap after GC invocations=71 (full 0):
 garbage-first heap   total reserved 2097152K, committed 275456K, used 127490K [0x0000000080000000, 0x0000000100000000)
  region size 1024K, 5 young (5120K), 5 survivors (5120K)
 Metaspace       used 115173K, committed 117504K, reserved 1179648K
  class space    used 15806K, committed 16896K, reserved 1048576K
}
Event: 35.568 GC heap before
{Heap before GC invocations=72 (full 0):
 garbage-first heap   total reserved 2097152K, committed 275456K, used 245250K [0x0000000080000000, 0x0000000100000000)
  region size 1024K, 121 young (123904K), 5 survivors (5120K)
 Metaspace       used 115178K, committed 117504K, reserved 1179648K
  class space    used 15806K, committed 16896K, reserved 1048576K
}
Event: 35.571 GC heap after
{Heap after GC invocations=73 (full 0):
 garbage-first heap   total reserved 2097152K, committed 275456K, used 127814K [0x0000000080000000, 0x0000000100000000)
  region size 1024K, 5 young (5120K), 5 survivors (5120K)
 Metaspace       used 115178K, committed 117504K, reserved 1179648K
  class space    used 15806K, committed 16896K, reserved 1048576K
}
Event: 36.201 GC heap before
{Heap before GC invocations=73 (full 0):
 garbage-first heap   total reserved 2097152K, committed 275456K, used 247622K [0x0000000080000000, 0x0000000100000000)
  region size 1024K, 123 young (125952K), 5 survivors (5120K)
 Metaspace       used 115292K, committed 117632K, reserved 1179648K
  class space    used 15820K, committed 16896K, reserved 1048576K
}
Event: 36.208 GC heap after
{Heap after GC invocations=74 (full 0):
 garbage-first heap   total reserved 2097152K, committed 275456K, used 126968K [0x0000000080000000, 0x0000000100000000)
  region size 1024K, 7 young (7168K), 7 survivors (7168K)
 Metaspace       used 115292K, committed 117632K, reserved 1179648K
  class space    used 15820K, committed 16896K, reserved 1048576K
}
Event: 37.054 GC heap before
{Heap before GC invocations=74 (full 0):
 garbage-first heap   total reserved 2097152K, committed 275456K, used 248824K [0x0000000080000000, 0x0000000100000000)
  region size 1024K, 127 young (130048K), 7 survivors (7168K)
 Metaspace       used 116546K, committed 118848K, reserved 1179648K
  class space    used 16007K, committed 17088K, reserved 1048576K
}
Event: 37.062 GC heap after
{Heap after GC invocations=75 (full 0):
 garbage-first heap   total reserved 2097152K, committed 275456K, used 138155K [0x0000000080000000, 0x0000000100000000)
  region size 1024K, 16 young (16384K), 16 survivors (16384K)
 Metaspace       used 116546K, committed 118848K, reserved 1179648K
  class space    used 16007K, committed 17088K, reserved 1048576K
}
Event: 37.920 GC heap before
{Heap before GC invocations=76 (full 0):
 garbage-first heap   total reserved 2097152K, committed 275456K, used 243627K [0x0000000080000000, 0x0000000100000000)
  region size 1024K, 120 young (122880K), 16 survivors (16384K)
 Metaspace       used 121497K, committed 123904K, reserved 1179648K
  class space    used 16855K, committed 17984K, reserved 1048576K
}
Event: 37.940 GC heap after
{Heap after GC invocations=77 (full 0):
 garbage-first heap   total reserved 2097152K, committed 278528K, used 155455K [0x0000000080000000, 0x0000000100000000)
  region size 1024K, 15 young (15360K), 15 survivors (15360K)
 Metaspace       used 121497K, committed 123904K, reserved 1179648K
  class space    used 16855K, committed 17984K, reserved 1048576K
}
Event: 38.765 GC heap before
{Heap before GC invocations=77 (full 0):
 garbage-first heap   total reserved 2097152K, committed 278528K, used 246591K [0x0000000080000000, 0x0000000100000000)
  region size 1024K, 105 young (107520K), 15 survivors (15360K)
 Metaspace       used 125114K, committed 127552K, reserved 1179648K
  class space    used 17498K, committed 18688K, reserved 1048576K
}

Dll operation events (15 events):
Event: 0.018 Loaded shared library C:\Program Files\Java\jdk-23\bin\java.dll
Event: 0.057 Loaded shared library C:\Program Files\Java\jdk-23\bin\jsvml.dll
Event: 0.106 Loaded shared library C:\Program Files\Java\jdk-23\bin\zip.dll
Event: 0.111 Loaded shared library C:\Program Files\Java\jdk-23\bin\instrument.dll
Event: 0.115 Loaded shared library C:\Program Files\Java\jdk-23\bin\net.dll
Event: 0.117 Loaded shared library C:\Program Files\Java\jdk-23\bin\nio.dll
Event: 0.121 Loaded shared library C:\Program Files\Java\jdk-23\bin\zip.dll
Event: 0.394 Loaded shared library C:\Program Files\Java\jdk-23\bin\jimage.dll
Event: 0.539 Loaded shared library C:\Program Files\Java\jdk-23\bin\verify.dll
Event: 0.731 Loaded shared library C:\Users\admin\.gradle\native\c067742578af261105cb4f569cf0c3c89f3d7b1fecec35dd04571415982c5e48\windows-amd64\native-platform.dll
Event: 0.750 Loaded shared library C:\Users\admin\.gradle\native\100fb08df4bc3b14c8652ba06237920a3bd2aa13389f12d3474272988ae205f9\windows-amd64\native-platform-file-events.dll
Event: 2.405 Loaded shared library C:\Program Files\Java\jdk-23\bin\management.dll
Event: 2.407 Loaded shared library C:\Program Files\Java\jdk-23\bin\management_ext.dll
Event: 2.655 Loaded shared library C:\Program Files\Java\jdk-23\bin\extnet.dll
Event: 2.831 Loaded shared library C:\Program Files\Java\jdk-23\bin\sunmscapi.dll

Deoptimization events (20 events):
Event: 37.942 Thread 0x000001756ad7b300 DEOPT PACKING pc=0x00000175136d4704 sp=0x0000000a366fa300
Event: 37.942 Thread 0x000001756ad7b300 DEOPT UNPACKING pc=0x0000017512e24402 sp=0x0000000a366fa278 mode 2
Event: 37.942 Thread 0x000001756c944250 DEOPT PACKING pc=0x00000175136d4704 sp=0x0000000a393fa670
Event: 37.942 Thread 0x000001756c944250 DEOPT UNPACKING pc=0x0000017512e24402 sp=0x0000000a393fa5e8 mode 2
Event: 38.626 Thread 0x000001756ad7e0f0 Uncommon trap: trap_request=0xffffff45 fr.pc=0x0000017513cc2d30 relative=0x00000000000008b0
Event: 38.626 Thread 0x000001756ad7e0f0 Uncommon trap: reason=unstable_if action=reinterpret pc=0x0000017513cc2d30 method=com.android.tools.r8.internal.vt0.b()Ljava/lang/String; @ 34 c2
Event: 38.626 Thread 0x000001756ad7e0f0 DEOPT PACKING pc=0x0000017513cc2d30 sp=0x0000000a382fa230
Event: 38.626 Thread 0x000001756ad7e0f0 DEOPT UNPACKING pc=0x0000017512e24402 sp=0x0000000a382fa200 mode 2
Event: 38.700 Thread 0x000001756c3a9b60 Uncommon trap: trap_request=0xffffff45 fr.pc=0x0000017513756714 relative=0x0000000000000a14
Event: 38.700 Thread 0x000001756c3a9b60 Uncommon trap: reason=unstable_if action=reinterpret pc=0x0000017513756714 method=com.android.tools.r8.graph.L2.a(Ljava/lang/String;)[B @ 19 c2
Event: 38.700 Thread 0x000001756c3a9b60 DEOPT PACKING pc=0x0000017513756714 sp=0x0000000a391f9fe0
Event: 38.700 Thread 0x000001756c3a9b60 DEOPT UNPACKING pc=0x0000017512e24402 sp=0x0000000a391f9ef8 mode 2
Event: 38.700 Thread 0x000001756c3a9b60 Uncommon trap: trap_request=0xffffff45 fr.pc=0x0000017513757048 relative=0x0000000000000128
Event: 38.700 Thread 0x000001756c3a9b60 Uncommon trap: reason=unstable_if action=reinterpret pc=0x0000017513757048 method=com.android.tools.r8.graph.L2.a(C[BI)I @ 1 c2
Event: 38.700 Thread 0x000001756c3a9b60 DEOPT PACKING pc=0x0000017513757048 sp=0x0000000a391f9ec0
Event: 38.700 Thread 0x000001756c3a9b60 DEOPT UNPACKING pc=0x0000017512e24402 sp=0x0000000a391f9e78 mode 2
Event: 38.747 Thread 0x000001756ad7c020 Uncommon trap: trap_request=0xffffff45 fr.pc=0x0000017513ccb760 relative=0x0000000000001300
Event: 38.747 Thread 0x000001756ad7c020 Uncommon trap: reason=unstable_if action=reinterpret pc=0x0000017513ccb760 method=java.util.HashMap.computeIfAbsent(Ljava/lang/Object;Ljava/util/function/Function;)Ljava/lang/Object; @ 145 c2
Event: 38.747 Thread 0x000001756ad7c020 DEOPT PACKING pc=0x0000017513ccb760 sp=0x0000000a387f9d40
Event: 38.747 Thread 0x000001756ad7c020 DEOPT UNPACKING pc=0x0000017512e24402 sp=0x0000000a387f9d10 mode 2

Classes loaded (20 events):
Event: 32.765 Loading class com/sun/org/apache/xerces/internal/dom/DeepNodeListImpl
Event: 32.765 Loading class com/sun/org/apache/xerces/internal/dom/DeepNodeListImpl done
Event: 33.812 Loading class java/nio/file/Path$1
Event: 33.812 Loading class java/nio/file/Path$1 done
Event: 34.094 Loading class java/util/zip/Deflater
Event: 34.095 Loading class java/util/zip/Deflater done
Event: 34.096 Loading class java/util/zip/Deflater$DeflaterZStreamRef
Event: 34.096 Loading class java/util/zip/Deflater$DeflaterZStreamRef done
Event: 34.122 Loading class java/util/zip/ZipFile$ZipEntryIterator
Event: 34.122 Loading class java/util/zip/ZipFile$ZipEntryIterator done
Event: 34.132 Loading class java/io/PushbackInputStream
Event: 34.135 Loading class java/io/PushbackInputStream done
Event: 36.510 Loading class java/nio/file/Files$2
Event: 36.511 Loading class java/nio/file/Files$2 done
Event: 36.558 Loading class java/util/stream/SortedOps$RefSortingSink
Event: 36.558 Loading class java/util/stream/SortedOps$RefSortingSink done
Event: 37.084 Loading class java/io/UTFDataFormatException
Event: 37.084 Loading class java/io/UTFDataFormatException done
Event: 37.300 Loading class java/util/concurrent/RejectedExecutionException
Event: 37.300 Loading class java/util/concurrent/RejectedExecutionException done

Classes unloaded (0 events):
No events

Classes redefined (0 events):
No events

Internal exceptions (20 events):
Event: 36.547 Thread 0x000001756c3ab5a0 Exception <a 'sun/nio/fs/WindowsException'{0x000000008dcbfff8}> (0x000000008dcbfff8) 
thrown [s\open\src\hotspot\share\prims\jni.cpp, line 520]
Event: 36.590 Thread 0x000001756c3ab5a0 Exception <a 'java/lang/NoSuchMethodError'{0x000000008dbe5bf8}: static Lcom/android/build/gradle/internal/tasks/MergeNativeLibsTask$InputFile;.<clinit>()V> (0x000000008dbe5bf8) 
thrown [s\open\src\hotspot\share\prims\jni.cpp, line 1111]
Event: 37.531 Thread 0x000001756ad7b300 Exception <a 'java/lang/NoSuchMethodError'{0x000000008f20b548}: 'java.lang.Object java.lang.invoke.DirectMethodHandle$Holder.invokeStaticInit(java.lang.Object, java.lang.Object, java.lang.Object, java.lang.Object, java.lang.Object, java.lang.Object, java.lang.Object, java.lang.Object, java.lang.Object, java.lang.Object, java.lang.Object, java.lang.Object, java.lang.Object, java.lang.Object, java.lang.Object, java.lang.Object, java.lang.Object, java.lang.Object, java.lang.Object, java.lang.Object, int, java
Event: 37.586 Thread 0x000001756ad7b990 Exception <a 'java/lang/IncompatibleClassChangeError'{0x000000008f0b7218}: Found class java.lang.Object, but interface was expected> (0x000000008f0b7218) 
thrown [s\open\src\hotspot\share\interpreter\linkResolver.cpp, line 863]
Event: 37.586 Thread 0x000001756ad7e780 Exception <a 'java/lang/IncompatibleClassChangeError'{0x000000008f25cc90}: Found class java.lang.Object, but interface was expected> (0x000000008f25cc90) 
thrown [s\open\src\hotspot\share\interpreter\linkResolver.cpp, line 863]
Event: 37.586 Thread 0x000001756c944250 Exception <a 'java/lang/IncompatibleClassChangeError'{0x000000008f117888}: Found class java.lang.Object, but interface was expected> (0x000000008f117888) 
thrown [s\open\src\hotspot\share\interpreter\linkResolver.cpp, line 863]
Event: 37.586 Thread 0x000001756ad80ee0 Exception <a 'java/lang/IncompatibleClassChangeError'{0x000000008f4fbf28}: Found class java.lang.Object, but interface was expected> (0x000000008f4fbf28) 
thrown [s\open\src\hotspot\share\interpreter\linkResolver.cpp, line 863]
Event: 37.586 Thread 0x000001756c3ac950 Exception <a 'java/lang/IncompatibleClassChangeError'{0x000000008f0a5d10}: Found class java.lang.Object, but interface was expected> (0x000000008f0a5d10) 
thrown [s\open\src\hotspot\share\interpreter\linkResolver.cpp, line 863]
Event: 38.402 Thread 0x000001756ad80ee0 Exception <a 'java/lang/IncompatibleClassChangeError'{0x000000008f0be080}: Found class java.lang.Object, but interface was expected> (0x000000008f0be080) 
thrown [s\open\src\hotspot\share\interpreter\linkResolver.cpp, line 863]
Event: 38.402 Thread 0x000001756c3ac950 Exception <a 'java/lang/IncompatibleClassChangeError'{0x000000008f0b1238}: Found class java.lang.Object, but interface was expected> (0x000000008f0b1238) 
thrown [s\open\src\hotspot\share\interpreter\linkResolver.cpp, line 863]
Event: 38.406 Thread 0x000001756c944250 Exception <a 'java/lang/NoSuchMethodError'{0x000000008ef4ef58}: 'void java.lang.invoke.DirectMethodHandle$Holder.invokeInterface(java.lang.Object, java.lang.Object, java.lang.Object, int)'> (0x000000008ef4ef58) 
thrown [s\open\src\hotspot\share\interpreter\linkResolver.cpp, line 796]
Event: 38.406 Thread 0x000001756c3a9b60 Exception <a 'java/lang/NoSuchMethodError'{0x000000008f2d19a8}: 'void java.lang.invoke.DirectMethodHandle$Holder.invokeInterface(java.lang.Object, java.lang.Object, java.lang.Object, int)'> (0x000000008f2d19a8) 
thrown [s\open\src\hotspot\share\interpreter\linkResolver.cpp, line 796]
Event: 38.406 Thread 0x000001756ad7b300 Exception <a 'java/lang/NoSuchMethodError'{0x000000008f384c18}: 'void java.lang.invoke.DirectMethodHandle$Holder.invokeInterface(java.lang.Object, java.lang.Object, java.lang.Object, int)'> (0x000000008f384c18) 
thrown [s\open\src\hotspot\share\interpreter\linkResolver.cpp, line 796]
Event: 38.406 Thread 0x000001756ad7e0f0 Exception <a 'java/lang/NoSuchMethodError'{0x000000008f2f5178}: 'void java.lang.invoke.DirectMethodHandle$Holder.invokeInterface(java.lang.Object, java.lang.Object, java.lang.Object, int)'> (0x000000008f2f5178) 
thrown [s\open\src\hotspot\share\interpreter\linkResolver.cpp, line 796]
Event: 38.406 Thread 0x000001756ad7e780 Exception <a 'java/lang/NoSuchMethodError'{0x000000008ef1f070}: 'void java.lang.invoke.DirectMethodHandle$Holder.invokeInterface(java.lang.Object, java.lang.Object, java.lang.Object, int)'> (0x000000008ef1f070) 
thrown [s\open\src\hotspot\share\interpreter\linkResolver.cpp, line 796]
Event: 38.407 Thread 0x000001756ad7b990 Exception <a 'java/lang/NoSuchMethodError'{0x000000008f3db000}: 'void java.lang.invoke.DirectMethodHandle$Holder.invokeInterface(java.lang.Object, java.lang.Object, java.lang.Object, int)'> (0x000000008f3db000) 
thrown [s\open\src\hotspot\share\interpreter\linkResolver.cpp, line 796]
Event: 38.407 Thread 0x000001756ad7f4a0 Exception <a 'java/lang/NoSuchMethodError'{0x000000008f2842c8}: 'void java.lang.invoke.DirectMethodHandle$Holder.invokeInterface(java.lang.Object, java.lang.Object, java.lang.Object, int)'> (0x000000008f2842c8) 
thrown [s\open\src\hotspot\share\interpreter\linkResolver.cpp, line 796]
Event: 38.407 Thread 0x000001756c3ac950 Exception <a 'java/lang/NoSuchMethodError'{0x000000008f0b58e0}: 'void java.lang.invoke.DirectMethodHandle$Holder.invokeInterface(java.lang.Object, java.lang.Object, java.lang.Object, int)'> (0x000000008f0b58e0) 
thrown [s\open\src\hotspot\share\interpreter\linkResolver.cpp, line 796]
Event: 38.407 Thread 0x000001756ad7c020 Exception <a 'java/lang/NoSuchMethodError'{0x000000008f0d2c38}: 'void java.lang.invoke.DirectMethodHandle$Holder.invokeInterface(java.lang.Object, java.lang.Object, java.lang.Object, int)'> (0x000000008f0d2c38) 
thrown [s\open\src\hotspot\share\interpreter\linkResolver.cpp, line 796]
Event: 38.407 Thread 0x000001756ad80ee0 Exception <a 'java/lang/NoSuchMethodError'{0x000000008f0c1f68}: 'void java.lang.invoke.DirectMethodHandle$Holder.invokeInterface(java.lang.Object, java.lang.Object, java.lang.Object, int)'> (0x000000008f0c1f68) 
thrown [s\open\src\hotspot\share\interpreter\linkResolver.cpp, line 796]

VM Operations (20 events):
Event: 37.231 Executing VM operation: HandshakeAllThreads (Deoptimize) done
Event: 37.355 Executing VM operation: HandshakeAllThreads (Deoptimize)
Event: 37.356 Executing VM operation: HandshakeAllThreads (Deoptimize) done
Event: 37.550 Executing VM operation: HandshakeAllThreads (Deoptimize)
Event: 37.550 Executing VM operation: HandshakeAllThreads (Deoptimize) done
Event: 37.920 Executing VM operation: G1CollectForAllocation (G1 Evacuation Pause)
Event: 37.940 Executing VM operation: G1CollectForAllocation (G1 Evacuation Pause) done
Event: 38.468 Executing VM operation: HandshakeAllThreads (Deoptimize)
Event: 38.469 Executing VM operation: HandshakeAllThreads (Deoptimize) done
Event: 38.598 Executing VM operation: HandshakeAllThreads (Deoptimize)
Event: 38.599 Executing VM operation: HandshakeAllThreads (Deoptimize) done
Event: 38.628 Executing VM operation: HandshakeAllThreads (Deoptimize)
Event: 38.629 Executing VM operation: HandshakeAllThreads (Deoptimize) done
Event: 38.632 Executing VM operation: HandshakeAllThreads (Deoptimize)
Event: 38.632 Executing VM operation: HandshakeAllThreads (Deoptimize) done
Event: 38.635 Executing VM operation: HandshakeAllThreads (Deoptimize)
Event: 38.636 Executing VM operation: HandshakeAllThreads (Deoptimize) done
Event: 38.640 Executing VM operation: HandshakeAllThreads (Deoptimize)
Event: 38.640 Executing VM operation: HandshakeAllThreads (Deoptimize) done
Event: 38.765 Executing VM operation: G1CollectForAllocation (G1 Evacuation Pause)

Memory protections (0 events):
No events

Nmethod flushes (20 events):
Event: 37.133 Thread 0x000001751fb76150 flushing  nmethod 0x000001750c37b108
Event: 37.133 Thread 0x000001751fb76150 flushing  nmethod 0x000001750c37cb88
Event: 37.133 Thread 0x000001751fb76150 flushing  nmethod 0x000001750c4ac908
Event: 37.133 Thread 0x000001751fb76150 flushing  nmethod 0x000001750c5f2508
Event: 37.133 Thread 0x000001751fb76150 flushing  nmethod 0x000001750cabb208
Event: 37.133 Thread 0x000001751fb76150 flushing  nmethod 0x000001750cc2c508
Event: 37.133 Thread 0x000001751fb76150 flushing  nmethod 0x000001750ceba608
Event: 37.133 Thread 0x000001751fb76150 flushing  nmethod 0x0000017513582908
Event: 37.133 Thread 0x000001751fb76150 flushing osr nmethod 0x0000017513586c08
Event: 37.133 Thread 0x000001751fb76150 flushing  nmethod 0x000001750bef0b08
Event: 37.133 Thread 0x000001751fb76150 flushing  nmethod 0x000001750bf62508
Event: 37.133 Thread 0x000001751fb76150 flushing  nmethod 0x000001750c271708
Event: 37.133 Thread 0x000001751fb76150 flushing  nmethod 0x000001750c2ced08
Event: 37.133 Thread 0x000001751fb76150 flushing  nmethod 0x000001750c3a5f08
Event: 37.133 Thread 0x000001751fb76150 flushing  nmethod 0x000001750caf9688
Event: 37.133 Thread 0x000001751fb76150 flushing  nmethod 0x000001750cbe4288
Event: 37.133 Thread 0x000001751fb76150 flushing  nmethod 0x000001750cd89b08
Event: 37.133 Thread 0x000001751fb76150 flushing  nmethod 0x000001750ce3a888
Event: 37.133 Thread 0x000001751fb76150 flushing  nmethod 0x000001750ce3ac08
Event: 37.133 Thread 0x000001751fb76150 flushing  nmethod 0x000001750cfae588

Events (20 events):
Event: 30.719 Thread 0x000001756c3acfe0 Thread added: 0x0000017571c39a70
Event: 30.720 Thread 0x000001756c3acfe0 Thread added: 0x0000017571c3bb40
Event: 30.720 Thread 0x000001756c3acfe0 Thread added: 0x0000017571c3a100
Event: 30.721 Thread 0x000001756c3acfe0 Thread added: 0x0000017571c3d580
Event: 31.678 Thread 0x000001756c3acfe0 Thread added: 0x0000017571c3efc0
Event: 31.678 Thread 0x000001756c3acfe0 Thread added: 0x0000017571c41720
Event: 31.678 Thread 0x000001756c3acfe0 Thread added: 0x0000017571c41db0
Event: 31.678 Thread 0x000001756c3acfe0 Thread added: 0x0000017571c42ad0
Event: 31.678 Thread 0x000001756c3acfe0 Thread added: 0x0000017571c3f650
Event: 31.679 Thread 0x000001756c3acfe0 Thread added: 0x0000017571c43160
Event: 31.679 Thread 0x000001756c3acfe0 Thread added: 0x0000017571c3fce0
Event: 31.679 Thread 0x000001756c3acfe0 Thread added: 0x0000017571c437f0
Event: 31.679 Thread 0x000001756c3acfe0 Thread added: 0x0000017571c40370
Event: 31.680 Thread 0x000001756c3acfe0 Thread added: 0x0000017571c45230
Event: 37.296 Thread 0x0000017572f95920 Thread exited: 0x0000017572f95920
Event: 37.707 Thread 0x0000017520451520 Thread added: 0x0000017572f95920
Event: 38.602 Thread 0x0000017572f95920 Thread exited: 0x0000017572f95920
Event: 38.616 Thread 0x0000017572f8f2f0 Thread exited: 0x0000017572f8f2f0
Event: 38.672 Thread 0x0000017520451520 Thread added: 0x0000017571f9d850
Event: 38.674 Thread 0x000001751fbaf640 Thread added: 0x0000017572f8f2f0


Dynamic libraries:
0x00007ff6af030000 - 0x00007ff6af040000 	C:\Program Files\Java\jdk-23\bin\java.exe
0x00007ffb22f20000 - 0x00007ffb23185000 	C:\WINDOWS\SYSTEM32\ntdll.dll
0x00007ffb21880000 - 0x00007ffb21949000 	C:\WINDOWS\System32\KERNEL32.DLL
0x00007ffb20280000 - 0x00007ffb20668000 	C:\WINDOWS\System32\KERNELBASE.dll
0x00007ffb20ae0000 - 0x00007ffb20c2b000 	C:\WINDOWS\System32\ucrtbase.dll
0x00007ffb098c0000 - 0x00007ffb098d7000 	C:\Program Files\Java\jdk-23\bin\jli.dll
0x00007ffb00650000 - 0x00007ffb0066b000 	C:\Program Files\Java\jdk-23\bin\VCRUNTIME140.dll
0x00007ffb20ec0000 - 0x00007ffb2108a000 	C:\WINDOWS\System32\USER32.dll
0x00007ffb0d8a0000 - 0x00007ffb0db3a000 	C:\WINDOWS\WinSxS\amd64_microsoft.windows.common-controls_6595b64144ccf1df_6.0.26100.4202_none_3e0698d4e335f517\COMCTL32.dll
0x00007ffb20670000 - 0x00007ffb20697000 	C:\WINDOWS\System32\win32u.dll
0x00007ffb225f0000 - 0x00007ffb22699000 	C:\WINDOWS\System32\msvcrt.dll
0x00007ffb219d0000 - 0x00007ffb219fb000 	C:\WINDOWS\System32\GDI32.dll
0x00007ffb209a0000 - 0x00007ffb20ad7000 	C:\WINDOWS\System32\gdi32full.dll
0x00007ffb201d0000 - 0x00007ffb20273000 	C:\WINDOWS\System32\msvcp_win.dll
0x00007ffb21c00000 - 0x00007ffb21c30000 	C:\WINDOWS\System32\IMM32.DLL
0x00007ffb09860000 - 0x00007ffb0986c000 	C:\Program Files\Java\jdk-23\bin\vcruntime140_1.dll
0x00007ffab90d0000 - 0x00007ffab915e000 	C:\Program Files\Java\jdk-23\bin\msvcp140.dll
0x00007ffa41f60000 - 0x00007ffa42cb0000 	C:\Program Files\Java\jdk-23\bin\server\jvm.dll
0x00007ffb22920000 - 0x00007ffb229d3000 	C:\WINDOWS\System32\ADVAPI32.dll
0x00007ffb20dc0000 - 0x00007ffb20e66000 	C:\WINDOWS\System32\sechost.dll
0x00007ffb21620000 - 0x00007ffb21735000 	C:\WINDOWS\System32\RPCRT4.dll
0x00007ffb229e0000 - 0x00007ffb22a54000 	C:\WINDOWS\System32\WS2_32.dll
0x00007ffb1fd20000 - 0x00007ffb1fd7e000 	C:\WINDOWS\SYSTEM32\POWRPROF.dll
0x00007ffb18310000 - 0x00007ffb18345000 	C:\WINDOWS\SYSTEM32\WINMM.dll
0x00007ffb18350000 - 0x00007ffb1835b000 	C:\WINDOWS\SYSTEM32\VERSION.dll
0x00007ffb1fd00000 - 0x00007ffb1fd14000 	C:\WINDOWS\SYSTEM32\UMPDC.dll
0x00007ffb1ee30000 - 0x00007ffb1ee4b000 	C:\WINDOWS\SYSTEM32\kernel.appcore.dll
0x00007ffb09590000 - 0x00007ffb0959a000 	C:\Program Files\Java\jdk-23\bin\jimage.dll
0x00007ffb1d850000 - 0x00007ffb1da91000 	C:\WINDOWS\SYSTEM32\DBGHELP.DLL
0x00007ffb22a60000 - 0x00007ffb22de5000 	C:\WINDOWS\System32\combase.dll
0x00007ffb22df0000 - 0x00007ffb22ed1000 	C:\WINDOWS\System32\OLEAUT32.dll
0x00007ffb02330000 - 0x00007ffb02369000 	C:\WINDOWS\SYSTEM32\dbgcore.DLL
0x00007ffb20130000 - 0x00007ffb201c9000 	C:\WINDOWS\System32\bcryptPrimitives.dll
0x00007ffb02700000 - 0x00007ffb0270f000 	C:\Program Files\Java\jdk-23\bin\instrument.dll
0x00007ffaff6f0000 - 0x00007ffaff70e000 	C:\Program Files\Java\jdk-23\bin\java.dll
0x00007ffb22390000 - 0x00007ffb2252e000 	C:\WINDOWS\System32\ole32.dll
0x00007ffb21c40000 - 0x00007ffb22382000 	C:\WINDOWS\System32\SHELL32.dll
0x00007ffb206a0000 - 0x00007ffb20814000 	C:\WINDOWS\System32\wintypes.dll
0x00007ffb1dcb0000 - 0x00007ffb1e507000 	C:\WINDOWS\SYSTEM32\windows.storage.dll
0x00007ffb20cc0000 - 0x00007ffb20db1000 	C:\WINDOWS\System32\SHCORE.dll
0x00007ffb21960000 - 0x00007ffb219ca000 	C:\WINDOWS\System32\shlwapi.dll
0x00007ffb1ff80000 - 0x00007ffb1ffaf000 	C:\WINDOWS\SYSTEM32\profapi.dll
0x00007ffab8ff0000 - 0x00007ffab90c7000 	C:\Program Files\Java\jdk-23\bin\jsvml.dll
0x00007ffaeeb80000 - 0x00007ffaeeb97000 	C:\Program Files\Java\jdk-23\bin\zip.dll
0x00007ffb094e0000 - 0x00007ffb094f0000 	C:\Program Files\Java\jdk-23\bin\net.dll
0x00007ffb1f3a0000 - 0x00007ffb1f40a000 	C:\WINDOWS\system32\mswsock.dll
0x00007ffaeef40000 - 0x00007ffaeef56000 	C:\Program Files\Java\jdk-23\bin\nio.dll
0x00007ffb0cb30000 - 0x00007ffb0cb40000 	C:\Program Files\Java\jdk-23\bin\verify.dll
0x00007ffaef3d0000 - 0x00007ffaef3f7000 	C:\Users\admin\.gradle\native\c067742578af261105cb4f569cf0c3c89f3d7b1fecec35dd04571415982c5e48\windows-amd64\native-platform.dll
0x00007ffab5200000 - 0x00007ffab5344000 	C:\Users\admin\.gradle\native\100fb08df4bc3b14c8652ba06237920a3bd2aa13389f12d3474272988ae205f9\windows-amd64\native-platform-file-events.dll
0x00007ffb0cb20000 - 0x00007ffb0cb2a000 	C:\Program Files\Java\jdk-23\bin\management.dll
0x00007ffb0cb10000 - 0x00007ffb0cb1b000 	C:\Program Files\Java\jdk-23\bin\management_ext.dll
0x00007ffb22790000 - 0x00007ffb22798000 	C:\WINDOWS\System32\PSAPI.DLL
0x00007ffb1f650000 - 0x00007ffb1f66b000 	C:\WINDOWS\SYSTEM32\CRYPTSP.dll
0x00007ffb1ed90000 - 0x00007ffb1edca000 	C:\WINDOWS\system32\rsaenh.dll
0x00007ffb1f440000 - 0x00007ffb1f46b000 	C:\WINDOWS\SYSTEM32\USERENV.dll
0x00007ffb1ff50000 - 0x00007ffb1ff76000 	C:\WINDOWS\SYSTEM32\bcrypt.dll
0x00007ffb1f670000 - 0x00007ffb1f67c000 	C:\WINDOWS\SYSTEM32\CRYPTBASE.dll
0x00007ffb1e8f0000 - 0x00007ffb1e923000 	C:\WINDOWS\SYSTEM32\IPHLPAPI.DLL
0x00007ffb21950000 - 0x00007ffb2195a000 	C:\WINDOWS\System32\NSI.dll
0x00007ffb08ef0000 - 0x00007ffb08ef9000 	C:\Program Files\Java\jdk-23\bin\extnet.dll
0x00007ffb02370000 - 0x00007ffb0237e000 	C:\Program Files\Java\jdk-23\bin\sunmscapi.dll
0x00007ffb20820000 - 0x00007ffb20997000 	C:\WINDOWS\System32\CRYPT32.dll
0x00007ffb1f870000 - 0x00007ffb1f8a0000 	C:\WINDOWS\SYSTEM32\ncrypt.dll
0x00007ffb1f820000 - 0x00007ffb1f85f000 	C:\WINDOWS\SYSTEM32\NTASN1.dll
0x00007ffaf0850000 - 0x00007ffaf0858000 	C:\WINDOWS\system32\wshunix.dll
0x00007ffb1e930000 - 0x00007ffb1ea57000 	C:\WINDOWS\SYSTEM32\DNSAPI.dll
0x00007ffb18300000 - 0x00007ffb1830b000 	C:\Windows\System32\rasadhlp.dll
0x00007ffb196c0000 - 0x00007ffb19746000 	C:\WINDOWS\System32\fwpuclnt.dll
0x00007ffb1ef50000 - 0x00007ffb1ef86000 	C:\WINDOWS\SYSTEM32\ntmarta.dll

dbghelp: loaded successfully - version: 4.0.5 - missing functions: none
symbol engine: initialized successfully - sym options: 0x614 - pdb path: .;C:\Program Files\Java\jdk-23\bin;C:\WINDOWS\SYSTEM32;C:\WINDOWS\WinSxS\amd64_microsoft.windows.common-controls_6595b64144ccf1df_6.0.26100.4202_none_3e0698d4e335f517;C:\Program Files\Java\jdk-23\bin\server;C:\Users\admin\.gradle\native\c067742578af261105cb4f569cf0c3c89f3d7b1fecec35dd04571415982c5e48\windows-amd64;C:\Users\admin\.gradle\native\100fb08df4bc3b14c8652ba06237920a3bd2aa13389f12d3474272988ae205f9\windows-amd64

VM Arguments:
jvm_args: --add-opens=java.base/java.lang=ALL-UNNAMED --add-opens=java.base/java.lang.invoke=ALL-UNNAMED --add-opens=java.base/java.util=ALL-UNNAMED --add-opens=java.prefs/java.util.prefs=ALL-UNNAMED --add-exports=jdk.compiler/com.sun.tools.javac.api=ALL-UNNAMED --add-exports=jdk.compiler/com.sun.tools.javac.util=ALL-UNNAMED --add-opens=java.base/java.util=ALL-UNNAMED --add-opens=java.prefs/java.util.prefs=ALL-UNNAMED --add-opens=java.base/java.nio.charset=ALL-UNNAMED --add-opens=java.base/java.net=ALL-UNNAMED --add-opens=java.base/java.util.concurrent.atomic=ALL-UNNAMED --add-opens=java.xml/javax.xml.namespace=ALL-UNNAMED -Xmx2048m -Dfile.encoding=UTF-8 -Duser.country=ZA -Duser.language=en -Duser.variant -javaagent:C:\Users\admin\.gradle\wrapper\dists\gradle-8.11.1-bin\bpt9gzteqjrbo1mjrsomdt32c\gradle-8.11.1\lib\agents\gradle-instrumentation-agent-8.11.1.jar 
java_command: org.gradle.launcher.daemon.bootstrap.GradleDaemon 8.11.1
java_class_path (initial): C:\Users\admin\.gradle\wrapper\dists\gradle-8.11.1-bin\bpt9gzteqjrbo1mjrsomdt32c\gradle-8.11.1\lib\gradle-daemon-main-8.11.1.jar
Launcher Type: SUN_STANDARD

[Global flags]
     intx CICompilerCount                          = 4                                         {product} {ergonomic}
     uint ConcGCThreads                            = 3                                         {product} {ergonomic}
     uint G1ConcRefinementThreads                  = 10                                        {product} {ergonomic}
   size_t G1HeapRegionSize                         = 1048576                                   {product} {ergonomic}
   size_t InitialHeapSize                          = 123731968                                 {product} {ergonomic}
   size_t MarkStackSize                            = 4194304                                   {product} {ergonomic}
   size_t MarkStackSizeMax                         = 536870912                                 {product} {ergonomic}
   size_t MaxHeapSize                              = 2147483648                                {product} {command line}
   size_t MaxNewSize                               = 1287651328                                {product} {ergonomic}
   size_t MinHeapDeltaBytes                        = 1048576                                   {product} {ergonomic}
   size_t MinHeapSize                              = 8388608                                   {product} {ergonomic}
    uintx NonNMethodCodeHeapSize                   = 5832704                                {pd product} {ergonomic}
    uintx NonProfiledCodeHeapSize                  = 122945536                              {pd product} {ergonomic}
    uintx ProfiledCodeHeapSize                     = 122880000                              {pd product} {ergonomic}
    uintx ReservedCodeCacheSize                    = 251658240                              {pd product} {ergonomic}
     bool SegmentedCodeCache                       = true                                      {product} {ergonomic}
   size_t SoftMaxHeapSize                          = 2147483648                             {manageable} {ergonomic}
     bool UseCompressedOops                        = true                           {product lp64_product} {ergonomic}
     bool UseG1GC                                  = true                                      {product} {ergonomic}
     bool UseLargePagesIndividualAllocation        = false                                  {pd product} {ergonomic}

Logging:
Log output configuration:
 #0: stdout all=warning uptime,level,tags foldmultilines=false
 #1: stderr all=off uptime,level,tags foldmultilines=false

Environment Variables:
CLASSPATH=C:\Users\admin\AndroidStudioProjects\SPUCRICKETCLUB\\gradle\wrapper\gradle-wrapper.jar
PATH=C:\Python313\Scripts\;C:\Python313\;c:\Users\admin\AppData\Local\Programs\cursor\resources\app\bin;C:\Program Files\Common Files\Oracle\Java\javapath;C:\Program Files (x86)\Common Files\Oracle\Java\java8path;C:\Program Files (x86)\Common Files\Oracle\Java\javapath;C:\WINDOWS\system32;C:\WINDOWS;C:\WINDOWS\System32\Wbem;C:\WINDOWS\System32\WindowsPowerShell\v1.0\;C:\WINDOWS\System32\OpenSSH\;C:\Program Files\Microsoft SQL Server\150\Tools\Binn\;C:\ProgramData\chocolatey\bin;C:\Program Files\nodejs\;C:\Program Files\MATLAB\R2024b\bin;C:\Program Files\MySQL\MySQL Shell 8.4\bin\;C:\Program Files\MySQL\MySQL Shell 8.0\bin\;C:\Users\admin\AppData\Local\Microsoft\WindowsApps;C:\Users\admin\.dotnet\tools;C:\Users\admin\AppData\Local\Microsoft\WinGet\Links;C:\Users\admin\AppData\Roaming\npm;C:\Program Files\JetBrains\IntelliJ IDEA 2024.3.3\bin;C:\Users\admin\AppData\Local\Programs\cursor\resources\app\bin;C:\WINDOWS\system32;C:\WINDOWS;C:\WINDOWS\System32\Wbem;C:\WINDOWS\System32\WindowsPowerShell\v1.0\;C:\WINDOWS\System32\OpenSSH\;C:\Program Files\Git\cmd;C:\Program Files\Git LFS;C:\Program Files\MySQL\MySQL Shell 8.4\bin\;C:\Program Files\MySQL\MySQL Shell 8.0\bin\;C:\Users\admin\AppData\Local\Microsoft\WindowsApps;C:\Users\admin\.dotnet\tools;C:\Users\admin\AppData\Local\Programs\Microsoft VS Code\bin;C:\Users\admin\AppData\Local\Microsoft\WinGet\Links;C:\Users\admin\AppData\Roaming\npm;C:\Program Files\JetBrains\IntelliJ IDEA 2024.3.3\bin;;C:\Users\admin\AppData\Local\Programs\cursor\resources\app\bin;C:\Users\admin\AppData\Local\GitHubDesktop\bin;
USERNAME=admin
OS=Windows_NT
PROCESSOR_IDENTIFIER=AMD64 Family 25 Model 80 Stepping 0, AuthenticAMD
TMP=C:\Users\admin\AppData\Local\Temp
TEMP=C:\Users\admin\AppData\Local\Temp




Periodic native trim disabled

---------------  S Y S T E M  ---------------

OS:
 Windows 11 , 64 bit Build 26100 (10.0.26100.4202)
OS uptime: 10 days 3:06 hours
Hyper-V role detected

CPU: total 12 (initial active 12) (12 cores per cpu, 2 threads per core) family 25 model 80 stepping 0 microcode 0xa500011, cx8, cmov, fxsr, ht, mmx, 3dnowpref, sse, sse2, sse3, ssse3, sse4a, sse4.1, sse4.2, popcnt, lzcnt, tsc, tscinvbit, avx, avx2, aes, erms, clmul, bmi1, bmi2, adx, sha, fma, vzeroupper, clflush, clflushopt, hv, rdtscp, rdpid, fsrm, f16c, cet_ss
Processor Information for processor 0
  Max Mhz: 2000, Current Mhz: 2000, Mhz Limit: 2000
Processor Information for processor 1
  Max Mhz: 2000, Current Mhz: 2000, Mhz Limit: 2000
Processor Information for processor 2
  Max Mhz: 2000, Current Mhz: 2000, Mhz Limit: 2000
Processor Information for processor 3
  Max Mhz: 2000, Current Mhz: 2000, Mhz Limit: 2000
Processor Information for processor 4
  Max Mhz: 2000, Current Mhz: 2000, Mhz Limit: 2000
Processor Information for processor 5
  Max Mhz: 2000, Current Mhz: 2000, Mhz Limit: 2000
Processor Information for processor 6
  Max Mhz: 2000, Current Mhz: 2000, Mhz Limit: 2000
Processor Information for processor 7
  Max Mhz: 2000, Current Mhz: 2000, Mhz Limit: 2000
Processor Information for processor 8
  Max Mhz: 2000, Current Mhz: 1808, Mhz Limit: 2000
Processor Information for processor 9
  Max Mhz: 2000, Current Mhz: 1808, Mhz Limit: 2000
Processor Information for processor 10
  Max Mhz: 2000, Current Mhz: 1808, Mhz Limit: 2000
Processor Information for processor 11
  Max Mhz: 2000, Current Mhz: 2000, Mhz Limit: 2000

Memory: 4k page, system-wide physical 7489M (986M free)
TotalPageFile size 21211M (AvailPageFile size 413M)
current process WorkingSet (physical memory assigned to process): 667M, peak: 674M
current process commit charge ("private bytes"): 717M, peak: 1160M

vm_info: Java HotSpot(TM) 64-Bit Server VM (23.0.2+7-58) for windows-amd64 JRE (23.0.2+7-58), built on 2024-11-29T09:34:55Z with MS VC++ 17.6 (VS2022)

END.
